batch_id,case_id,input_sha256,opticstudio_version,api_license_valid,expected_min_y_mm,observed_min_y_mm,expected_max_y_mm,observed_max_y_mm,boundary_error_um,valid_rays,ray_error_count,ray_vignette_count,zos_file,zos_sha256,status,error_type,error_message
"eye-zemax-5742062fbe3fd0f3","chickm30m45d_baseline_f7p5_a11p7_p2_d60_x0_48566da0e7","48566da0e76b79e16bf692e25fb117b1f237734caafe296ee0a766d7a76c33a4","24.1.0",true,-2.2119910179640718,-2.2119910179640705,2.2119910179640718,2.2119910179640705,1.3322676295501878E-12,4,0,0,"systems/chickm30m45d_baseline_f7p5_a11p7_p2_d60_x0_48566da0e7.zos","81eae663250703cfe0c2ff88c37aba0c0bb9b165265d14afd393d55445d780c5",OK,,
"eye-zemax-5742062fbe3fd0f3","chickm30m45d_baseline_f7p5_a11p7_p2_d70_x0_f695d7289f","f695d7289fed27a3b297a6f67a6989987b5c6d23e7e780daf233313f4761ef9c","24.1.0",true,-2.3862649700598801,-2.3862649700598793,2.3862649700598801,2.3862649700598793,8.8817841970012523E-13,4,0,0,"systems/chickm30m45d_baseline_f7p5_a11p7_p2_d70_x0_f695d7289f.zos","8ba916e493c40aa0e0e999277d8484984abea5626f3e61ad3e08b89ba7599899",OK,,
"eye-zemax-5742062fbe3fd0f3","chickm30m45d_baseline_f7p5_a11p7_p2_d80_x0_b7fca2704a","b7fca2704a63e55e224b8d4d74579f5efa584c8c22cb3b548cf2658163170005","24.1.0",true,-2.560538922155688,-2.5605389221556889,2.560538922155688,2.5605389221556889,8.8817841970012523E-13,4,0,0,"systems/chickm30m45d_baseline_f7p5_a11p7_p2_d80_x0_b7fca2704a.zos","160781db6144539fa6426e542ef6cac062af65a57b4bd999ecd54eb647a4754a",OK,,
"eye-zemax-5742062fbe3fd0f3","chickm30m45d_baseline_f7p5_a11p7_p2_d90_x0_4322773231","432277323143e1cdac07707276a6e6065042e5e672f8c1979cbed13e6c2f0fdf","24.1.0",true,-2.7348128742514968,-2.7348128742514985,2.7348128742514968,2.7348128742514985,1.7763568394002505E-12,4,0,0,"systems/chickm30m45d_baseline_f7p5_a11p7_p2_d90_x0_4322773231.zos","ef7a806028e0692d2371e50529cd462c459f028684a7fb28501d5b579182e343",OK,,
"eye-zemax-5742062fbe3fd0f3","chickm30m45d_baseline_f7p5_a11p7_p2_d100_x0_bad5598589","bad5598589cfc6be4088fbaa18b117771d6d97103e0d279c808a00f4fb8ad8d3","24.1.0",true,-2.9090868263473046,-2.9090868263473055,2.9090868263473046,2.9090868263473055,8.8817841970012523E-13,4,0,0,"systems/chickm30m45d_baseline_f7p5_a11p7_p2_d100_x0_bad5598589.zos","100492f6b260e666b9c31266f72696e95a31b1eadcc32ad4ecbd8a91cc9945a3",OK,,
"eye-zemax-5742062fbe3fd0f3","chickm30m45d_baseline_f7p5_a11p7_p2_d110_x0_3373cfa4fc","3373cfa4fc3d964916eafe9342633a2897be779218f1e3407e0f34586b66acf3","24.1.0",true,-3.0833607784431143,-3.0833607784431143,3.0833607784431143,3.0833607784431143,0,4,0,0,"systems/chickm30m45d_baseline_f7p5_a11p7_p2_d110_x0_3373cfa4fc.zos","b959fb7a42bc73fe5a42df0a1edfe144412636c7d0597068aa3a658e77240663",OK,,
"eye-zemax-5742062fbe3fd0f3","chickm30m45d_baseline_f7p5_a11p7_p2_d120_x0_f6b56ebd27","f6b56ebd27388c60490fccbe758d2664c6b936f6bd934efa44b100f5875659bf","24.1.0",true,-3.2576347305389222,-3.2576347305389231,3.2576347305389222,3.2576347305389231,8.8817841970012523E-13,4,0,0,"systems/chickm30m45d_baseline_f7p5_a11p7_p2_d120_x0_f6b56ebd27.zos","8713b93cb475e86c891436cf0b80c4d60aa01ea39e5cc5f997def4f4925adbdb",OK,,
"eye-zemax-5742062fbe3fd0f3","chickm30m45d_baseline_f7p5_a11p7_p2p5_d60_x0_00e3ff342c","00e3ff342c86332a747aa6594e1921ee857ba35ec88f8e0686417562fad0d405","24.1.0",true,-2.3899887724550899,-2.3899887724550886,2.3899887724550899,2.3899887724550886,1.3322676295501878E-12,4,0,0,"systems/chickm30m45d_baseline_f7p5_a11p7_p2p5_d60_x0_00e3ff342c.zos","547eb16044a32fd2150191091eebd95300a884835e5f1a4c34fe3c100697d899",OK,,
"eye-zemax-5742062fbe3fd0f3","chickm30m45d_baseline_f7p5_a11p7_p2p5_d70_x0_c2a94fe8ec","c2a94fe8ecaf190f5c848cd1c58620e6af2ee5c926b9699771dcfc15a420bd87","24.1.0",true,-2.6078312125748506,-2.6078312125748493,2.6078312125748506,2.6078312125748493,1.3322676295501878E-12,4,0,0,"systems/chickm30m45d_baseline_f7p5_a11p7_p2p5_d70_x0_c2a94fe8ec.zos","26dfb3f0da267b4151dc38d57dcd9cd68ae7c8775f5d3211530b38ef807a2ec7",OK,,
"eye-zemax-5742062fbe3fd0f3","chickm30m45d_baseline_f7p5_a11p7_p2p5_d80_x0_d9a33bb696","d9a33bb6962baff9871780ac41463d8922127a55bccaf83ac9f8910d337ee0d5","24.1.0",true,-2.82567365269461,-2.8256736526946113,2.82567365269461,2.8256736526946113,1.3322676295501878E-12,4,0,0,"systems/chickm30m45d_baseline_f7p5_a11p7_p2p5_d80_x0_d9a33bb696.zos","705e3771e7d41cad572d05adfc07808c65ebc025ed9457f3b3f7bd81c1d284e1",OK,,
"eye-zemax-5742062fbe3fd0f3","chickm30m45d_baseline_f7p5_a11p7_p2p5_d90_x0_52e3c6096c","52e3c6096c253f71345cbf1fb113522b56acdb54af7aba8a453408719f7fb206","24.1.0",true,-3.0435160928143707,-3.043516092814373,3.0435160928143707,3.043516092814373,2.2204460492503131E-12,4,0,0,"systems/chickm30m45d_baseline_f7p5_a11p7_p2p5_d90_x0_52e3c6096c.zos","e4818cad15ff65f2157a3078e4ec6c2e13f7358867132da443868efaf70de040",OK,,
"eye-zemax-5742062fbe3fd0f3","chickm30m45d_baseline_f7p5_a11p7_p2p5_d100_x0_52a7aff55b","52a7aff55b0488216e7c8085b4365bad63ce6e26b3f5e4649df872ce913aca5d","24.1.0",true,-3.261358532934131,-3.2613585329341319,3.261358532934131,3.2613585329341319,8.8817841970012523E-13,4,0,0,"systems/chickm30m45d_baseline_f7p5_a11p7_p2p5_d100_x0_52a7aff55b.zos","0ff9f5b5d16a066e86be8a21c27cc5364a2f40bd38c5a71036ceeb379788a61f",OK,,
"eye-zemax-5742062fbe3fd0f3","chickm30m45d_baseline_f7p5_a11p7_p2p5_d110_x0_cfd7b110f4","cfd7b110f45c19c02e548b8d16cd712030ec8134d25fc89277a348362f084842","24.1.0",true,-3.4792009730538922,-3.4792009730538922,3.4792009730538922,3.4792009730538922,0,4,0,0,"systems/chickm30m45d_baseline_f7p5_a11p7_p2p5_d110_x0_cfd7b110f4.zos","edb0e786df27551e454c3ca922d01c67859bc29e3e482030c45a9269b5b6c348",OK,,
"eye-zemax-5742062fbe3fd0f3","chickm30m45d_baseline_f7p5_a11p7_p2p5_d120_x0_50033c0d5c","50033c0d5c112a997de0dc4fc808f74362f1f60a3c9c34cd83abee7a83cf8469","24.1.0",true,-3.6970434131736534,-3.6970434131736538,3.6970434131736534,3.6970434131736538,4.4408920985006262E-13,4,0,0,"systems/chickm30m45d_baseline_f7p5_a11p7_p2p5_d120_x0_50033c0d5c.zos","286f772e3b32345a1e613398c9bcc6c74fbecb92f3b49df90fcb57563cb5acff",OK,,
"eye-zemax-5742062fbe3fd0f3","chickm30m45d_baseline_f7p5_a11p7_p3_d60_x0_69c9cee4f0","69c9cee4f0bded163f31989ce4bbe459181a48ef314a5304ccc1862c6f7ad8bd","24.1.0",true,-2.5679865269461075,-2.5679865269461066,2.5679865269461075,2.5679865269461066,8.8817841970012523E-13,4,0,0,"systems/chickm30m45d_baseline_f7p5_a11p7_p3_d60_x0_69c9cee4f0.zos","8784273d61ada16c514425d2335ca30336663f943bfc6d47afd3af80d7bc7f4e",OK,,
"eye-zemax-5742062fbe3fd0f3","chickm30m45d_baseline_f7p5_a11p7_p3_d70_x0_ccfe7c5273","ccfe7c5273a811f4c7f6f1de9ddab4cfb08e796c4be51e85f038f94b55786a5e","24.1.0",true,-2.8293974550898207,-2.8293974550898202,2.8293974550898207,2.8293974550898202,4.4408920985006262E-13,4,0,0,"systems/chickm30m45d_baseline_f7p5_a11p7_p3_d70_x0_ccfe7c5273.zos","630bf790b601439892c5b0f5784ce1d6d9ddb7aaa1f087fb88edb3ec5e72176e",OK,,
"eye-zemax-5742062fbe3fd0f3","chickm30m45d_baseline_f7p5_a11p7_p3_d80_x0_4cf7815d78","4cf7815d78da75c480c3a2372aa170a113c21091812818984957458ffb3d6486","24.1.0",true,-3.0908083832335329,-3.0908083832335334,3.0908083832335329,3.0908083832335334,4.4408920985006262E-13,4,0,0,"systems/chickm30m45d_baseline_f7p5_a11p7_p3_d80_x0_4cf7815d78.zos","3cffbcdfc0f46773488ff1960771b765eb60a26efefdef73b1da8e9983ef99ee",OK,,
"eye-zemax-5742062fbe3fd0f3","chickm30m45d_baseline_f7p5_a11p7_p3_d90_x0_02bae7857a","02bae7857a53553b192a01130a4283d85cc08eb0578c6eb00db6724e668175dc","24.1.0",true,-3.3522193113772452,-3.3522193113772465,3.3522193113772452,3.3522193113772465,1.3322676295501878E-12,4,0,0,"systems/chickm30m45d_baseline_f7p5_a11p7_p3_d90_x0_02bae7857a.zos","64fd06057ae17fb2d3b1e40b8d560d752f3f861f21f070a6acf614b3d29a05c5",OK,,
"eye-zemax-5742062fbe3fd0f3","chickm30m45d_baseline_f7p5_a11p7_p3_d100_x0_c8d6080e83","c8d6080e834abc22044c562c4cbbc8e15c08cbcc1c183ebef2f9e0682c048e02","24.1.0",true,-3.6136302395209583,-3.6136302395209601,3.6136302395209583,3.6136302395209601,1.7763568394002505E-12,4,0,0,"systems/chickm30m45d_baseline_f7p5_a11p7_p3_d100_x0_c8d6080e83.zos","401643bf2451823406f6175e622eac526678c8553c484e5a6c78f59811650f5f",OK,,
"eye-zemax-5742062fbe3fd0f3","chickm30m45d_baseline_f7p5_a11p7_p3_d110_x0_cd04fe16c9","cd04fe16c986e2f5cf23bd501b72570c956a0ffa0245fa0e3a5d99a644691ac6","24.1.0",true,-3.8750411676646705,-3.875041167664671,3.8750411676646705,3.875041167664671,4.4408920985006262E-13,4,0,0,"systems/chickm30m45d_baseline_f7p5_a11p7_p3_d110_x0_cd04fe16c9.zos","6c6dd783331fbbd2085c462c6672a5a4fa85b6547053951a022a9fd39d8fc697",OK,,
"eye-zemax-5742062fbe3fd0f3","chickm30m45d_baseline_f7p5_a11p7_p3_d120_x0_97f8fc26f2","97f8fc26f2d81cd55227fe88c6f39cca637e60f66f198fa3549f1c73d84cde55","24.1.0",true,-4.1364520958083837,-4.1364520958083837,4.1364520958083837,4.1364520958083837,0,4,0,0,"systems/chickm30m45d_baseline_f7p5_a11p7_p3_d120_x0_97f8fc26f2.zos","a5855549fda96dcd2af21ad02de6eaaa082dc3f1c97ce1664f68918e9db3be86",OK,,
"eye-zemax-5742062fbe3fd0f3","chickm30m45d_baseline_f7p5_a11p7_p3p5_d60_x0_282eb7d7af","282eb7d7af815d10dbf9b137643055b21cd404516049874a20926ccdc2bbc851","24.1.0",true,-2.745984281437126,-2.7459842814371243,2.745984281437126,2.7459842814371243,1.7763568394002505E-12,4,0,0,"systems/chickm30m45d_baseline_f7p5_a11p7_p3p5_d60_x0_282eb7d7af.zos","d145710c4c12f822261b9fc6623a6b213ac0f2df36f089bb3ea807b0182daff4",OK,,
"eye-zemax-5742062fbe3fd0f3","chickm30m45d_baseline_f7p5_a11p7_p3p5_d70_x0_050e456459","050e45645955f1d5fe29299d432dc75c0e19d8a12a99fad3b9a964f6c8a95775","24.1.0",true,-3.0509636976047902,-3.0509636976047894,3.0509636976047902,3.0509636976047894,8.8817841970012523E-13,4,0,0,"systems/chickm30m45d_baseline_f7p5_a11p7_p3p5_d70_x0_050e456459.zos","eed98a9968e4f71ae52178d5574be2cece5c784914e35380c7bee7d07ecdf705",OK,,
"eye-zemax-5742062fbe3fd0f3","chickm30m45d_baseline_f7p5_a11p7_p3p5_d80_x0_52a62b859e","52a62b859eea6e89af89fa411a1e89ce5c03c8bcf2574f366e993463006ba1e7","24.1.0",true,-3.3559431137724545,-3.3559431137724562,3.3559431137724545,3.3559431137724562,1.7763568394002505E-12,4,0,0,"systems/chickm30m45d_baseline_f7p5_a11p7_p3p5_d80_x0_52a62b859e.zos","f4608edd0dd89ee3ed3f8fd79e66cb34901a450fd3e9106b39ae857e9457949b",OK,,
"eye-zemax-5742062fbe3fd0f3","chickm30m45d_baseline_f7p5_a11p7_p3p5_d90_x0_31c2953a82","31c2953a82d4bd769fec88ebd1f5e31aa9c8d69971618e92cbb0e682a25421c7","24.1.0",true,-3.6609225299401196,-3.6609225299401214,3.6609225299401196,3.6609225299401214,1.7763568394002505E-12,4,0,0,"systems/chickm30m45d_baseline_f7p5_a11p7_p3p5_d90_x0_31c2953a82.zos","a59935a81666d3dd99c320c62639f6e7f80470a32003bf95b169e07cf8a54ed8",OK,,
"eye-zemax-5742062fbe3fd0f3","chickm30m45d_baseline_f7p5_a11p7_p3p5_d100_x0_0457aef95a","0457aef95a6f5927b6f2a776a09117e9132678d4a49cde71008a471e0b0794f2","24.1.0",true,-3.9659019461077838,-3.9659019461077851,3.9659019461077838,3.9659019461077851,1.3322676295501878E-12,4,0,0,"systems/chickm30m45d_baseline_f7p5_a11p7_p3p5_d100_x0_0457aef95a.zos","1e2df6a94369de049926034d1e9c01bc3956b6e38bf15bdb528518f336caba66",OK,,
"eye-zemax-5742062fbe3fd0f3","chickm30m45d_baseline_f7p5_a11p7_p3p5_d110_x0_3594038759","35940387594ad54dae68b7ed9fdddfc297c1c656ea3e9a0182db74f3b9fa18f6","24.1.0",true,-4.2708813622754489,-4.2708813622754489,4.2708813622754489,4.2708813622754489,0,4,0,0,"systems/chickm30m45d_baseline_f7p5_a11p7_p3p5_d110_x0_3594038759.zos","16c485eb4c297de8e7b40132b22742fab6c7b1a78609c11e468879f0f5e76a1e",OK,,
"eye-zemax-5742062fbe3fd0f3","chickm30m45d_baseline_f7p5_a11p7_p3p5_d120_x0_4ab466f660","4ab466f6607468dbfe09c85775a277bfd3bebca422f9bdf5acef65f3fc041cd2","24.1.0",true,-4.5758607784431131,-4.5758607784431149,4.5758607784431131,4.5758607784431149,1.7763568394002505E-12,4,0,0,"systems/chickm30m45d_baseline_f7p5_a11p7_p3p5_d120_x0_4ab466f660.zos","07f5c5a2f2b4cc0ca46b8bc000343d28e671ffeab8bc6ea4243de348ff5aca8b",OK,,
"eye-zemax-5742062fbe3fd0f3","chickm30m45d_baseline_f8_a11p7_p2_d60_x0_ca136e7c5e","ca136e7c5e0f3e6cd5f03ee1b5d44f87dbcc80b5ba0c5e2d93d0fcb5430ccbbf","24.1.0",true,-2.3572193113772455,-2.3572193113772446,2.3572193113772455,2.3572193113772446,8.8817841970012523E-13,4,0,0,"systems/chickm30m45d_baseline_f8_a11p7_p2_d60_x0_ca136e7c5e.zos","06f295cad52d82371e4c6b5db146ddfc39aaaa01ef7a4138df5c95eeed86cd00",OK,,
"eye-zemax-5742062fbe3fd0f3","chickm30m45d_baseline_f8_a11p7_p2_d70_x0_47ad512c13","47ad512c13d476f0626f566d02b7f57ed9c7286549de66528ea13f756de29388","24.1.0",true,-2.5314932634730538,-2.5314932634730543,2.5314932634730538,2.5314932634730543,4.4408920985006262E-13,4,0,0,"systems/chickm30m45d_baseline_f8_a11p7_p2_d70_x0_47ad512c13.zos","79142c844683a42d38230989f21f0bcbc2168a0000e668c24c045383bdec67f8",OK,,
"eye-zemax-5742062fbe3fd0f3","chickm30m45d_baseline_f8_a11p7_p2_d80_x0_b8dafc6d03","b8dafc6d030d7b7ca2e80bb7cb3ce1a6b0fbfd4677d2c675f030c456af1172b7","24.1.0",true,-2.7057672155688621,-2.705767215568863,2.7057672155688621,2.705767215568863,8.8817841970012523E-13,4,0,0,"systems/chickm30m45d_baseline_f8_a11p7_p2_d80_x0_b8dafc6d03.zos","6422ca6e287dc46497d72333d4dfff916d80f4ef6b07aa8161ace0364c429301",OK,,
"eye-zemax-5742062fbe3fd0f3","chickm30m45d_baseline_f8_a11p7_p2_d90_x0_f4adf1ab37","f4adf1ab379ca054aaab80abcb166aecc8a20487b2333227cac5a96bbe0b2706","24.1.0",true,-2.8800411676646709,-2.8800411676646709,2.8800411676646709,2.8800411676646709,0,4,0,0,"systems/chickm30m45d_baseline_f8_a11p7_p2_d90_x0_f4adf1ab37.zos","a82a0937376d2a189aec3112939163b06face6497f6199e7ca96662756eac41b",OK,,
"eye-zemax-5742062fbe3fd0f3","chickm30m45d_baseline_f8_a11p7_p2_d100_x0_7750209baf","7750209baf4854e44c2f45b38284ce27688d635c1a65c6467e0e267206499da5","24.1.0",true,-3.0543151197604788,-3.0543151197604792,3.0543151197604788,3.0543151197604792,4.4408920985006262E-13,4,0,0,"systems/chickm30m45d_baseline_f8_a11p7_p2_d100_x0_7750209baf.zos","ac586219045d3eb90e349dc6b8ca64421a3126570d43412584306c8d969c716f",OK,,
"eye-zemax-5742062fbe3fd0f3","chickm30m45d_baseline_f8_a11p7_p2_d110_x0_30103ff2c1","30103ff2c1341520679fe4a98aab38c77ac2a12a489e6e366b892febd770b176","24.1.0",true,-3.2285890718562875,-3.2285890718562875,3.2285890718562875,3.2285890718562875,0,4,0,0,"systems/chickm30m45d_baseline_f8_a11p7_p2_d110_x0_30103ff2c1.zos","3840f1877d16fe28526373bf5a73fb4f17bbe0a4c7d0c95bea427483923cc439",OK,,
"eye-zemax-5742062fbe3fd0f3","chickm30m45d_baseline_f8_a11p7_p2_d120_x0_f3cfe9020b","f3cfe9020bba00e41f13388407f0c02eb41c4db12723446c940168be52ee94f4","24.1.0",true,-3.4028630239520958,-3.4028630239520954,3.4028630239520958,3.4028630239520954,4.4408920985006262E-13,4,0,0,"systems/chickm30m45d_baseline_f8_a11p7_p2_d120_x0_f3cfe9020b.zos","92f26d13c46b12224f11cb15b639511bf47ea1545c1ccb80e90cb6c2601085a1",OK,,
"eye-zemax-5742062fbe3fd0f3","chickm30m45d_baseline_f8_a11p7_p2p5_d60_x0_ac620eadcd","ac620eadcdbf5e6d6c00ad95bc1166e8af79398c622dec3a177a4f906e66bf66","24.1.0",true,-2.5715241392215571,-2.5715241392215562,2.5715241392215571,2.5715241392215562,8.8817841970012523E-13,4,0,0,"systems/chickm30m45d_baseline_f8_a11p7_p2p5_d60_x0_ac620eadcd.zos","003cf921683e895334ba4f993a84258b61b4627b58b2c34c2111859a4883c6da",OK,,
"eye-zemax-5742062fbe3fd0f3","chickm30m45d_baseline_f8_a11p7_p2p5_d70_x0_3bed0d890e","3bed0d890e97f8f6b056299533c224ac691a9fe5b6f0f5c45bf84c4386131056","24.1.0",true,-2.7893665793413174,-2.7893665793413174,2.7893665793413174,2.7893665793413174,0,4,0,0,"systems/chickm30m45d_baseline_f8_a11p7_p2p5_d70_x0_3bed0d890e.zos","bbb94f4fa8ab49569a444e3c10753e256a3302f1dcc043eef9d1309a0cb2c85e",OK,,
"eye-zemax-5742062fbe3fd0f3","chickm30m45d_baseline_f8_a11p7_p2p5_d80_x0_5a0b9b13ad","5a0b9b13ad6b5d7ac529a9618025afe9cc397764709699d6f665c7aab0f844cb","24.1.0",true,-3.0072090194610777,-3.0072090194610785,3.0072090194610777,3.0072090194610785,8.8817841970012523E-13,4,0,0,"systems/chickm30m45d_baseline_f8_a11p7_p2p5_d80_x0_5a0b9b13ad.zos","d98d32baa114a368f31b5794cb15d843c9e509edae14422075c3d9d7d0ca75c6",OK,,
"eye-zemax-5742062fbe3fd0f3","chickm30m45d_baseline_f8_a11p7_p2p5_d90_x0_db279f4b56","db279f4b56a6b1dbfa1ba39fd9d9cbb10ff79d6bfb8ef49a301d232898fd6a90","24.1.0",true,-3.2250514595808388,-3.2250514595808397,3.2250514595808388,3.2250514595808397,8.8817841970012523E-13,4,0,0,"systems/chickm30m45d_baseline_f8_a11p7_p2p5_d90_x0_db279f4b56.zos","a0c402f9304856ebbbc65827e0073cf3f1df1637471f628e86a28fde4a2597f3",OK,,
"eye-zemax-5742062fbe3fd0f3","chickm30m45d_baseline_f8_a11p7_p2p5_d100_x0_fd94012da4","fd94012da4d5a22b7ed7e8ec71cda0c2395e34a7d6a780b48eb7cd733b940ee1","24.1.0",true,-3.4428938997005991,-3.4428938997005991,3.4428938997005991,3.4428938997005991,0,4,0,0,"systems/chickm30m45d_baseline_f8_a11p7_p2p5_d100_x0_fd94012da4.zos","e554b3eff0407cdcb95d783e220de9fbb13b6ec8095d6772ccf61342a30377bd",OK,,
"eye-zemax-5742062fbe3fd0f3","chickm30m45d_baseline_f8_a11p7_p2p5_d110_x0_cdab33c301","cdab33c30113d979729fa26592be4403d2a09de5985dd0a2a0408363bfccbe8c","24.1.0",true,-3.6607363398203594,-3.6607363398203594,3.6607363398203594,3.6607363398203594,0,4,0,0,"systems/chickm30m45d_baseline_f8_a11p7_p2p5_d110_x0_cdab33c301.zos","e16d594b7c97810455ae851cdbf6ffae68f14842d345b355e3e3be6915fe1196",OK,,
"eye-zemax-5742062fbe3fd0f3","chickm30m45d_baseline_f8_a11p7_p2p5_d120_x0_e55a040912","e55a040912a954279e39c9a79651af0f15718bd70090f580e89e280525f15991","24.1.0",true,-3.8785787799401201,-3.8785787799401201,3.8785787799401201,3.8785787799401201,0,4,0,0,"systems/chickm30m45d_baseline_f8_a11p7_p2p5_d120_x0_e55a040912.zos","f695011452c31c3833d5b3498f90243f45104a1f1248679539915ffa5aef51cb",OK,,
"eye-zemax-5742062fbe3fd0f3","chickm30m45d_baseline_f8_a11p7_p3_d60_x0_ad54cc95fc","ad54cc95fcaffca104a5798e7b11ffc076a9d2660b6655a9c1d80ad7eb78fb9b","24.1.0",true,-2.7858289670658682,-2.7858289670658674,2.7858289670658682,2.7858289670658674,8.8817841970012523E-13,4,0,0,"systems/chickm30m45d_baseline_f8_a11p7_p3_d60_x0_ad54cc95fc.zos","18d047b02ed7c8203f0d2d0e3465aed9c8bfcf433dba1167c2858d26cad63117",OK,,
"eye-zemax-5742062fbe3fd0f3","chickm30m45d_baseline_f8_a11p7_p3_d70_x0_3d9011b821","3d9011b8215acbe25de1403fb34fdf1f686aff9b5ba1f56f8dd9e2f5f19d4cb2","24.1.0",true,-3.0472398952095805,-3.0472398952095801,3.0472398952095805,3.0472398952095801,4.4408920985006262E-13,4,0,0,"systems/chickm30m45d_baseline_f8_a11p7_p3_d70_x0_3d9011b821.zos","27131e03b83a97d1140726700049cfb52d23551e9c5c60beba4e308e2ccecacd",OK,,
"eye-zemax-5742062fbe3fd0f3","chickm30m45d_baseline_f8_a11p7_p3_d80_x0_9b84e183e4","9b84e183e4a8ec6e1e03f0794a9e790969a7aeb54911796d025eafd90f912dd9","24.1.0",true,-3.3086508233532932,-3.3086508233532936,3.3086508233532932,3.3086508233532936,4.4408920985006262E-13,4,0,0,"systems/chickm30m45d_baseline_f8_a11p7_p3_d80_x0_9b84e183e4.zos","0ea803cda61fd1ab17c281ede6f9110daf1bd4ebeb052b26446540670195601a",OK,,
"eye-zemax-5742062fbe3fd0f3","chickm30m45d_baseline_f8_a11p7_p3_d90_x0_2213ebe6b3","2213ebe6b348b6bb1acfc78f52e2ded374a234cfef16f038ab561dcd74587d6b","24.1.0",true,-3.5700617514970059,-3.5700617514970072,3.5700617514970059,3.5700617514970072,1.3322676295501878E-12,4,0,0,"systems/chickm30m45d_baseline_f8_a11p7_p3_d90_x0_2213ebe6b3.zos","186e254ca8bfa7a73cacdb726e4a790c21535837e8a8ab683d24abdc075a429d",OK,,
"eye-zemax-5742062fbe3fd0f3","chickm30m45d_baseline_f8_a11p7_p3_d100_x0_79d94bd3d8","79d94bd3d89ce8aba4dccac86c47be9caccf214dacb801558a64144357da81f4","24.1.0",true,-3.8314726796407186,-3.8314726796407181,3.8314726796407186,3.8314726796407181,4.4408920985006262E-13,4,0,0,"systems/chickm30m45d_baseline_f8_a11p7_p3_d100_x0_79d94bd3d8.zos","97240cef36fac77fbc71ddf43188d84c77b256e49164848afbe6aae0406f935b",OK,,
"eye-zemax-5742062fbe3fd0f3","chickm30m45d_baseline_f8_a11p7_p3_d110_x0_6cb0c3e27e","6cb0c3e27ee48e3788a1cab8508399a5a1fc0b92ca8ce5f2f11f6d609fff6abd","24.1.0",true,-4.0928836077844313,-4.0928836077844313,4.0928836077844313,4.0928836077844313,0,4,0,0,"systems/chickm30m45d_baseline_f8_a11p7_p3_d110_x0_6cb0c3e27e.zos","85049ae2dc0981375b633decf36efc8baf1a3764afab888cb79a489c2f01ab39",OK,,
"eye-zemax-5742062fbe3fd0f3","chickm30m45d_baseline_f8_a11p7_p3_d120_x0_f991f74a52","f991f74a52d7758a7884d51276b239b1ea3ff83b81b82c227b17e94e164f2d34","24.1.0",true,-4.354294535928144,-4.354294535928144,4.354294535928144,4.354294535928144,0,4,0,0,"systems/chickm30m45d_baseline_f8_a11p7_p3_d120_x0_f991f74a52.zos","148407e13ff0519ea2606d205356b71eda0d55f7330926794509fdf491789df0",OK,,
"eye-zemax-5742062fbe3fd0f3","chickm30m45d_baseline_f8_a11p7_p3p5_d60_x0_a80e2d62c9","a80e2d62c9ab4ba560a15d41968134fa43978d672183ab659205ec072acd1f3e","24.1.0",true,-3.0001337949101803,-3.000133794910179,3.0001337949101803,3.000133794910179,1.3322676295501878E-12,4,0,0,"systems/chickm30m45d_baseline_f8_a11p7_p3p5_d60_x0_a80e2d62c9.zos","210bd8b312e1d460788a60d2daeee920a9d8646294c43a1e2ec4b9e2ff38b9cd",OK,,
"eye-zemax-5742062fbe3fd0f3","chickm30m45d_baseline_f8_a11p7_p3p5_d70_x0_e1a3a1a14a","e1a3a1a14a88010c07b53bb1ff6f6f17deeb041e4fae41bfe40ffc0bc119430f","24.1.0",true,-3.3051132110778445,-3.3051132110778441,3.3051132110778445,3.3051132110778441,4.4408920985006262E-13,4,0,0,"systems/chickm30m45d_baseline_f8_a11p7_p3p5_d70_x0_e1a3a1a14a.zos","10199aa7186d494b47c32224ad26be7f4ff79c37a3f7b9fed954f8cce9916c77",OK,,
"eye-zemax-5742062fbe3fd0f3","chickm30m45d_baseline_f8_a11p7_p3p5_d80_x0_75b324144e","75b324144eba3c4f4707f2f0d394d5b2929e1000c7d67b90a97e7a89a828b273","24.1.0",true,-3.6100926272455087,-3.6100926272455092,3.6100926272455087,3.6100926272455092,4.4408920985006262E-13,4,0,0,"systems/chickm30m45d_baseline_f8_a11p7_p3p5_d80_x0_75b324144e.zos","b061583cda213876213b892cfdb8ebd379cc3d942d8eb82247739d2db86a5687",OK,,
"eye-zemax-5742062fbe3fd0f3","chickm30m45d_baseline_f8_a11p7_p3p5_d90_x0_be74fb4d5a","be74fb4d5a471c4ae43b3b7ada3a66a09c317416d760034405cad02fc59fe103","24.1.0",true,-3.9150720434131738,-3.9150720434131747,3.9150720434131738,3.9150720434131747,8.8817841970012523E-13,4,0,0,"systems/chickm30m45d_baseline_f8_a11p7_p3p5_d90_x0_be74fb4d5a.zos","e973fa8dd848bb166ac92d4d399fa2d446e6107e839c91e47db2ea1142c28126",OK,,
"eye-zemax-5742062fbe3fd0f3","chickm30m45d_baseline_f8_a11p7_p3p5_d100_x0_e39f603300","e39f6033008930928dcddd70419e818487dd0e45b2a3b52e51fe35130cb7bc4f","24.1.0",true,-4.220051459580838,-4.2200514595808389,4.220051459580838,4.2200514595808389,8.8817841970012523E-13,4,0,0,"systems/chickm30m45d_baseline_f8_a11p7_p3p5_d100_x0_e39f603300.zos","14fb6bc872f310d9f6252b8e05bac6f3eca0297a8251b650e61993136514b92a",OK,,
"eye-zemax-5742062fbe3fd0f3","chickm30m45d_baseline_f8_a11p7_p3p5_d110_x0_0b47c95dbe","0b47c95dbe2024c4882b9090195c6072e764d348fa3b7c5aef52f5fa4a6714a0","24.1.0",true,-4.5250308757485032,-4.525030875748504,4.5250308757485032,4.525030875748504,8.8817841970012523E-13,4,0,0,"systems/chickm30m45d_baseline_f8_a11p7_p3p5_d110_x0_0b47c95dbe.zos","47e365a938f444445c2a8b19a1276640d5696fd89441b73503299502577816b0",OK,,
"eye-zemax-5742062fbe3fd0f3","chickm30m45d_baseline_f8_a11p7_p3p5_d120_x0_e87d8827dc","e87d8827dc6c0c0a397741d09240d2d30e4591c93e49bc307b9392b45bfff758","24.1.0",true,-4.8300102919161683,-4.8300102919161674,4.8300102919161683,4.8300102919161674,8.8817841970012523E-13,4,0,0,"systems/chickm30m45d_baseline_f8_a11p7_p3p5_d120_x0_e87d8827dc.zos","fd0f98b4f93660b06c1412f9f394ab2070e88d0cffc27c476368bed9837f539b",OK,,
"eye-zemax-5742062fbe3fd0f3","chickm30m45d_baseline_f8p5_a11p7_p2_d60_x0_a8182e75a4","a8182e75a483ad0376c066752facd8bd4b18adc2b60dc5baa0a429bbe6b6a3c1","24.1.0",true,-2.4853619232123987,-2.4853619232123982,2.4853619232123987,2.4853619232123982,4.4408920985006262E-13,4,0,0,"systems/chickm30m45d_baseline_f8p5_a11p7_p2_d60_x0_a8182e75a4.zos","05e6a263d96ae5053c1ce79f65c71a4c85324746a347f60784a047d638a0b499",OK,,
"eye-zemax-5742062fbe3fd0f3","chickm30m45d_baseline_f8p5_a11p7_p2_d70_x0_1b5c771e61","1b5c771e61689cd0f170477f8cc3f133648f6bfb3b3f62d34a8be6230f2bc370","24.1.0",true,-2.659635875308207,-2.6596358753082079,2.659635875308207,2.6596358753082079,8.8817841970012523E-13,4,0,0,"systems/chickm30m45d_baseline_f8p5_a11p7_p2_d70_x0_1b5c771e61.zos","297c34b511e5a0a32098a5e40cd34bfe8de9165fc11daeab5e08caf664810623",OK,,
"eye-zemax-5742062fbe3fd0f3","chickm30m45d_baseline_f8p5_a11p7_p2_d80_x0_a7fd0b1519","a7fd0b15196113d7296dac290f38f823d0ac080b6a3c96b7510f1940816ee46f","24.1.0",true,-2.8339098274040153,-2.8339098274040166,2.8339098274040153,2.8339098274040166,1.3322676295501878E-12,4,0,0,"systems/chickm30m45d_baseline_f8p5_a11p7_p2_d80_x0_a7fd0b1519.zos","59ff92833519e5b1b8a8c1f490de2f0b107712e463d69851b93b46ab789074aa",OK,,
"eye-zemax-5742062fbe3fd0f3","chickm30m45d_baseline_f8p5_a11p7_p2_d90_x0_c6481c3468","c6481c346803fa210633bdeacae2cd988001167034611c0df4480d843f5f09a1","24.1.0",true,-3.0081837794998241,-3.0081837794998245,3.0081837794998241,3.0081837794998245,4.4408920985006262E-13,4,0,0,"systems/chickm30m45d_baseline_f8p5_a11p7_p2_d90_x0_c6481c3468.zos","fee519f94f62edc9fd86cbe732506f7677a0c942384a1a02b4d61793fd648aec",OK,,
"eye-zemax-5742062fbe3fd0f3","chickm30m45d_baseline_f8p5_a11p7_p2_d100_x0_ed386ce771","ed386ce771f5444f294355182108d81169eda63f7659eb6acb008a1dfcc27710","24.1.0",true,-3.1824577315956324,-3.1824577315956328,3.1824577315956324,3.1824577315956328,4.4408920985006262E-13,4,0,0,"systems/chickm30m45d_baseline_f8p5_a11p7_p2_d100_x0_ed386ce771.zos","2837a7e1730a20ab4048357a5bed17e0b35767d0a7e28803ff6c4cecf94a376d",OK,,
"eye-zemax-5742062fbe3fd0f3","chickm30m45d_baseline_f8p5_a11p7_p2_d110_x0_b58a960ba3","b58a960ba3b81244f700dd0f294666c366ce377f4771fd0810d4d7bda87ab342","24.1.0",true,-3.3567316836914407,-3.3567316836914407,3.3567316836914407,3.3567316836914407,0,4,0,0,"systems/chickm30m45d_baseline_f8p5_a11p7_p2_d110_x0_b58a960ba3.zos","ad56bb279b3797ac1151c250ab2bbd70df8b487250cd6ec25984e83ca29fdba2",OK,,
"eye-zemax-5742062fbe3fd0f3","chickm30m45d_baseline_f8p5_a11p7_p2_d120_x0_a86072db34","a86072db34e43d44f348c90c8de3f310fb8fc39fa9326bd64678afa86ed633c3","24.1.0",true,-3.531005635787249,-3.531005635787249,3.531005635787249,3.531005635787249,0,4,0,0,"systems/chickm30m45d_baseline_f8p5_a11p7_p2_d120_x0_a86072db34.zos","915b50dde15c4a016361d547091f523847e0e2345b226599146d5b3b523a588c",OK,,
"eye-zemax-5742062fbe3fd0f3","chickm30m45d_baseline_f8p5_a11p7_p2p5_d60_x0_ef77b99ba1","ef77b99ba119c1cba97eea34c3ddfa618e803daa219d00085d5ee71cfbae1642","24.1.0",true,-2.7317024040154987,-2.7317024040154978,2.7317024040154987,2.7317024040154978,8.8817841970012523E-13,4,0,0,"systems/chickm30m45d_baseline_f8p5_a11p7_p2p5_d60_x0_ef77b99ba1.zos","ee0ebfafe30e012b8bcde1ce189bc3106c89e0db86725f73cc6b6e29ba781035",OK,,
"eye-zemax-5742062fbe3fd0f3","chickm30m45d_baseline_f8p5_a11p7_p2p5_d70_x0_17145fe6f0","17145fe6f0fc48564b7261ffe112daa667b8f087246423182cbf1972877bdc4d","24.1.0",true,-2.9495448441352585,-2.949544844135259,2.9495448441352585,2.949544844135259,4.4408920985006262E-13,4,0,0,"systems/chickm30m45d_baseline_f8p5_a11p7_p2p5_d70_x0_17145fe6f0.zos","61ebd3441fce54fd29b074722baeccd46b4f2f7ffa0ea15843ff28d0606f787a",OK,,
"eye-zemax-5742062fbe3fd0f3","chickm30m45d_baseline_f8p5_a11p7_p2p5_d80_x0_5a82646b2c","5a82646b2cc080bb09ac0397764dbeca0efbb144cb264503057e028bfe07ecfb","24.1.0",true,-3.1673872842550188,-3.1673872842550201,3.1673872842550188,3.1673872842550201,1.3322676295501878E-12,4,0,0,"systems/chickm30m45d_baseline_f8p5_a11p7_p2p5_d80_x0_5a82646b2c.zos","0f2b0f047c2033e92c8455e5e8510e29cf02c3a6a1400166edf66a19c71a6613",OK,,
"eye-zemax-5742062fbe3fd0f3","chickm30m45d_baseline_f8p5_a11p7_p2p5_d90_x0_f2813b50b3","f2813b50b3b35dd5b5e6792bfe0ebfff6cb18bea1592be404fe57dcc76a24530","24.1.0",true,-3.3852297243747804,-3.3852297243747809,3.3852297243747804,3.3852297243747809,4.4408920985006262E-13,4,0,0,"systems/chickm30m45d_baseline_f8p5_a11p7_p2p5_d90_x0_f2813b50b3.zos","0bf7ae01d423c415f330720c17cef635e4fc6cd36f821fe6b03f602c8ee26261",OK,,
"eye-zemax-5742062fbe3fd0f3","chickm30m45d_baseline_f8p5_a11p7_p2p5_d100_x0_80d5764542","80d57645420ff1723930b0e2d896f31b9dbf2e87c207334cdc3e6b305e65b1c4","24.1.0",true,-3.6030721644945407,-3.6030721644945412,3.6030721644945407,3.6030721644945412,4.4408920985006262E-13,4,0,0,"systems/chickm30m45d_baseline_f8p5_a11p7_p2p5_d100_x0_80d5764542.zos","42f06b5ab8f15a7255a7da86857656f222a99992bb701059273c5ef7c63a0e97",OK,,
"eye-zemax-5742062fbe3fd0f3","chickm30m45d_baseline_f8p5_a11p7_p2p5_d110_x0_b3cf0272d1","b3cf0272d10c7daf8edb4e81c7fe18ce70e00825ff756d6e261ed4a051fd19d9","24.1.0",true,-3.820914604614301,-3.8209146046143014,3.820914604614301,3.8209146046143014,4.4408920985006262E-13,4,0,0,"systems/chickm30m45d_baseline_f8p5_a11p7_p2p5_d110_x0_b3cf0272d1.zos","912532bd9cd351eff9cbc931b8f587ac6e84dc49c4683c0dd1ca0360271bf9ab",OK,,
"eye-zemax-5742062fbe3fd0f3","chickm30m45d_baseline_f8p5_a11p7_p2p5_d120_x0_7c850a9160","7c850a9160dce3d0a3f94e2bfe4947186c8d54bb31bc6b6deac1bf814bfa2831","24.1.0",true,-4.0387570447340622,-4.0387570447340622,4.0387570447340622,4.0387570447340622,0,4,0,0,"systems/chickm30m45d_baseline_f8p5_a11p7_p2p5_d120_x0_7c850a9160.zos","e0e0c1b17d006778a4384dc02409435cec5e7dd8de164b8b38218b6bd0c29145",OK,,
"eye-zemax-5742062fbe3fd0f3","chickm30m45d_baseline_f8p5_a11p7_p3_d60_x0_ade7a887e1","ade7a887e137c1582eef987fb6783f92314fd5c1d4608de8bd81141cc2b81596","24.1.0",true,-2.9780428848185987,-2.9780428848185982,2.9780428848185987,2.9780428848185982,4.4408920985006262E-13,4,0,0,"systems/chickm30m45d_baseline_f8p5_a11p7_p3_d60_x0_ade7a887e1.zos","5cb00ae691ae68623db6ae32d22b77251941a3c76c273e749ad36a7e63f0c8f4",OK,,
"eye-zemax-5742062fbe3fd0f3","chickm30m45d_baseline_f8p5_a11p7_p3_d70_x0_59fc0acab0","59fc0acab0a01c6824678f9c76d6d4366d1d3dd63fe74e4dc40735e20e2da03e","24.1.0",true,-3.2394538129623109,-3.2394538129623118,3.2394538129623109,3.2394538129623118,8.8817841970012523E-13,4,0,0,"systems/chickm30m45d_baseline_f8p5_a11p7_p3_d70_x0_59fc0acab0.zos","be5c30dc49a8e429d08a38f14296e4b89e97e9e69d054055dfc957d3f5f46f71",OK,,
"eye-zemax-5742062fbe3fd0f3","chickm30m45d_baseline_f8p5_a11p7_p3_d80_x0_14cabd4d9f","14cabd4d9f62fe3a4414e9fff599294b9c792faf028dc5a55a81e0d7a26efa05","24.1.0",true,-3.5008647411060236,-3.5008647411060245,3.5008647411060236,3.5008647411060245,8.8817841970012523E-13,4,0,0,"systems/chickm30m45d_baseline_f8p5_a11p7_p3_d80_x0_14cabd4d9f.zos","a2ec059b2b826c6e7e609f152f4759a3cbcd6a95ff1b9c777a30d441d5de674d",OK,,
"eye-zemax-5742062fbe3fd0f3","chickm30m45d_baseline_f8p5_a11p7_p3_d90_x0_ff1e30342b","ff1e30342b55554ba09bda9d570fb2f98f2361491a4cc3a2d7a086506f609fe4","24.1.0",true,-3.7622756692497359,-3.7622756692497363,3.7622756692497359,3.7622756692497363,4.4408920985006262E-13,4,0,0,"systems/chickm30m45d_baseline_f8p5_a11p7_p3_d90_x0_ff1e30342b.zos","e030ed8bfcdb5fb244c25943e3bbe26e2b7c39addc8b22cbfe90bc76d36ac152",OK,,
"eye-zemax-5742062fbe3fd0f3","chickm30m45d_baseline_f8p5_a11p7_p3_d100_x0_15907717ba","15907717bab6263e4f7057a878facd912433eaa93fc632752e597a6af77310c2","24.1.0",true,-4.0236865973934481,-4.0236865973934499,4.0236865973934481,4.0236865973934499,1.7763568394002505E-12,4,0,0,"systems/chickm30m45d_baseline_f8p5_a11p7_p3_d100_x0_15907717ba.zos","f7ddd2dc8a2162abcd9cf65d1c3e219915f26058442a37944e680f820f9ab8e0",OK,,
"eye-zemax-5742062fbe3fd0f3","chickm30m45d_baseline_f8p5_a11p7_p3_d110_x0_b6f5b1b04b","b6f5b1b04b0b75385d4dbd2998a934ea26901decfb8decd0a2e2ce7548a0d19a","24.1.0",true,-4.2850975255371608,-4.2850975255371608,4.2850975255371608,4.2850975255371608,0,4,0,0,"systems/chickm30m45d_baseline_f8p5_a11p7_p3_d110_x0_b6f5b1b04b.zos","6d769150579e213e5373a63d139dd2f655b975f520440eb9a14bed171fb1a741",OK,,
"eye-zemax-5742062fbe3fd0f3","chickm30m45d_baseline_f8p5_a11p7_p3_d120_x0_1f844eab29","1f844eab293145d12352186de67427d98fcf6c5e17df9ecbd563a28ed8d6dcb6","24.1.0",true,-4.5465084536808735,-4.5465084536808735,4.5465084536808735,4.5465084536808735,0,4,0,0,"systems/chickm30m45d_baseline_f8p5_a11p7_p3_d120_x0_1f844eab29.zos","29581d224f6eb45c0be806238af428a557a453810b926fbc04ba3f446a22d4b0",OK,,
"eye-zemax-5742062fbe3fd0f3","chickm30m45d_baseline_f8p5_a11p7_p3p5_d60_x0_09f9863e72","09f9863e7200bf41a27f3a375ea511f30e16d2a1e94a9f9c7e079822f19707d6","24.1.0",true,-3.2243833656216982,-3.2243833656216978,3.2243833656216982,3.2243833656216978,4.4408920985006262E-13,4,0,0,"systems/chickm30m45d_baseline_f8p5_a11p7_p3p5_d60_x0_09f9863e72.zos","d88aaa5ffaf36034bcbc165b721d761b8680cfa141e7fe5aa48e2d30f94badbc",OK,,
"eye-zemax-5742062fbe3fd0f3","chickm30m45d_baseline_f8p5_a11p7_p3p5_d70_x0_5f07ba05ee","5f07ba05ee26a812198fb0a787d002c309683ef1a4d4a122d4cc3c410a7c0c9d","24.1.0",true,-3.5293627817893629,-3.5293627817893629,3.5293627817893629,3.5293627817893629,0,4,0,0,"systems/chickm30m45d_baseline_f8p5_a11p7_p3p5_d70_x0_5f07ba05ee.zos","ee8953004960fe68f59288a8c34a330d9614cec50173be81f3bbf85c9e82d3a4",OK,,
"eye-zemax-5742062fbe3fd0f3","chickm30m45d_baseline_f8p5_a11p7_p3p5_d80_x0_a47504f0e6","a47504f0e676420b50f52d40785744e8eff7deebc6a4fd95e174b0584424d8c6","24.1.0",true,-3.8343421979570271,-3.8343421979570276,3.8343421979570271,3.8343421979570276,4.4408920985006262E-13,4,0,0,"systems/chickm30m45d_baseline_f8p5_a11p7_p3p5_d80_x0_a47504f0e6.zos","a521594a4f4e100ffdff70b1919f9015aa4f455fe1710d528c7252c685c72bfd",OK,,
"eye-zemax-5742062fbe3fd0f3","chickm30m45d_baseline_f8p5_a11p7_p3p5_d90_x0_9ea50b49df","9ea50b49df48f2db186bf77bbb4afe76c51d3100ff85c2ac153ece2d43273a8b","24.1.0",true,-4.1393216141246922,-4.1393216141246931,4.1393216141246922,4.1393216141246931,8.8817841970012523E-13,4,0,0,"systems/chickm30m45d_baseline_f8p5_a11p7_p3p5_d90_x0_9ea50b49df.zos","59a5617837088eddf6a94e575b46d839f526f3e341483398105d05baeab70e17",OK,,
"eye-zemax-5742062fbe3fd0f3","chickm30m45d_baseline_f8p5_a11p7_p3p5_d100_x0_a498f7eee9","a498f7eee9a893a9ea9f011363e2378cf6977e199a0c0f95ef93da836565039d","24.1.0",true,-4.4443010302923565,-4.4443010302923582,4.4443010302923565,4.4443010302923582,1.7763568394002505E-12,4,0,0,"systems/chickm30m45d_baseline_f8p5_a11p7_p3p5_d100_x0_a498f7eee9.zos","cb96013c0053aa98f2ba1a889b694ea7c978b64a4ec6cafd8f20f3f13c39b692",OK,,
"eye-zemax-5742062fbe3fd0f3","chickm30m45d_baseline_f8p5_a11p7_p3p5_d110_x0_fceaea27e0","fceaea27e0c701e93100f64f8f860c5c8555d7f69385576fc86b6dd291ff86d9","24.1.0",true,-4.7492804464600216,-4.7492804464600216,4.7492804464600216,4.7492804464600216,0,4,0,0,"systems/chickm30m45d_baseline_f8p5_a11p7_p3p5_d110_x0_fceaea27e0.zos","f0e35b9caefd22f9d0654f31beb90b952264dfe48055a80bd3657e180730b356",OK,,
"eye-zemax-5742062fbe3fd0f3","chickm30m45d_baseline_f8p5_a11p7_p3p5_d120_x0_ee13e7fc39","ee13e7fc392bbb3bf1b6b0506d0117a7fd7f2253ead194980a45a335e349dd60","24.1.0",true,-5.0542598626276867,-5.0542598626276867,5.0542598626276867,5.0542598626276867,0,4,0,0,"systems/chickm30m45d_baseline_f8p5_a11p7_p3p5_d120_x0_ee13e7fc39.zos","65ec9b018d3032579f6faa1091d967058f8e2b7adb9f434c9b45bf71a5e18505",OK,,
"eye-zemax-5742062fbe3fd0f3","childm6y_baseline_f13p5_a23_p2_d60_x0_5ec0b48c61","5ec0b48c617a37a54d35669e773a840933effefc952b9b6bb0144e87834479b0","24.1.0",true,-4.5078365491239749,-4.507836549123982,4.5078365491239749,4.507836549123982,7.1054273576010019E-12,4,0,0,"systems/childm6y_baseline_f13p5_a23_p2_d60_x0_5ec0b48c61.zos","a6a0252d5fcae77627d081372354f0ace1c5be7a583502d8f43c9065c07d17db",OK,,
"eye-zemax-5742062fbe3fd0f3","childm6y_baseline_f13p5_a23_p2_d70_x0_a32d1d120a","a32d1d120aa1989268b6453d3aec57b0886e2d165dc14b7208ff66f416b5bdf9","24.1.0",true,-4.8504263694832561,-4.8504263694832659,4.8504263694832561,4.8504263694832659,9.7699626167013776E-12,4,0,0,"systems/childm6y_baseline_f13p5_a23_p2_d70_x0_a32d1d120a.zos","f5966b2231eee57ca53629c8db42997d67f8ad9dc1c59946dfdd972b3833d267",OK,,
"eye-zemax-5742062fbe3fd0f3","childm6y_baseline_f13p5_a23_p2_d80_x0_02b5cedfca","02b5cedfca1949d529134b0c8989df30a142643c55530bc5be99a7dc77d54bcb","24.1.0",true,-5.1930161898425382,-5.1930161898425524,5.1930161898425382,5.1930161898425524,1.4210854715202004E-11,4,0,0,"systems/childm6y_baseline_f13p5_a23_p2_d80_x0_02b5cedfca.zos","fa35181f1874f7f65ae2d9fada03dd629deba2968de9b25b54678118e36ec647",OK,,
"eye-zemax-5742062fbe3fd0f3","childm6y_baseline_f13p5_a23_p2_d90_x0_0266eae658","0266eae658b6c1caccf2471078152b80f778a9fee542982ece7042d720314db0","24.1.0",true,-5.5356060102018194,-5.5356060102018336,5.5356060102018194,5.5356060102018336,1.4210854715202004E-11,4,0,0,"systems/childm6y_baseline_f13p5_a23_p2_d90_x0_0266eae658.zos","79a2a1886561b70afd70dd68c5ee96bb2334824151d6b1f42ab94480a024643a",OK,,
"eye-zemax-5742062fbe3fd0f3","childm6y_baseline_f13p5_a23_p2_d100_x0_5170f81fcc","5170f81fcc89bb715b31bdb48204d760a28dd1a0055be4df1f4ff2e08aa84826","24.1.0",true,-5.8781958305611006,-5.8781958305611148,5.8781958305611006,5.8781958305611148,1.4210854715202004E-11,4,0,0,"systems/childm6y_baseline_f13p5_a23_p2_d100_x0_5170f81fcc.zos","bf951a3d67089ac1136bf4e390c58cc3e6d3159b31fbf15b841b16be08f6ec14",OK,,
"eye-zemax-5742062fbe3fd0f3","childm6y_baseline_f13p5_a23_p2_d110_x0_0caf42f10f","0caf42f10f2689f2c05f4ef1493966b1bea516048a98f65d86f60dcfbd6588fe","24.1.0",true,-6.2207856509203818,-6.2207856509203969,6.2207856509203818,6.2207856509203969,1.5099033134902129E-11,4,0,0,"systems/childm6y_baseline_f13p5_a23_p2_d110_x0_0caf42f10f.zos","1ba34aefc3afdbdcfdc1c7c0496372761251b6daf2b0c2480e4d6f9f1e67d40b",OK,,
"eye-zemax-5742062fbe3fd0f3","childm6y_baseline_f13p5_a23_p2_d120_x0_2f7d07344f","2f7d07344f44665fcb613d1867572156a398aa04c3db1e236cb3a63d67a78463","24.1.0",true,-6.563375471279663,-6.563375471279679,6.563375471279663,6.563375471279679,1.5987211554602254E-11,4,0,0,"systems/childm6y_baseline_f13p5_a23_p2_d120_x0_2f7d07344f.zos","ec78afcea245686635ae80e8bf0fbd5ca80813a4a02b71b3a4c0ff3529eb3e69",OK,,
"eye-zemax-5742062fbe3fd0f3","childm6y_baseline_f13p5_a23_p3_d60_x0_15fcf139ed","15fcf139ed1ad99b6ed388a1542f8852ae7e24c962f9c584670942385fca1c89","24.1.0",true,-5.261754823685961,-5.2617548236859681,5.261754823685961,5.2617548236859681,7.1054273576010019E-12,4,0,0,"systems/childm6y_baseline_f13p5_a23_p3_d60_x0_15fcf139ed.zos","c513c15ad7da9853ec4e4ba0c71b9e3eeddeca3849af6b27163427cdd7aa1e1a",OK,,
"eye-zemax-5742062fbe3fd0f3","childm6y_baseline_f13p5_a23_p3_d70_x0_a366044bd6","a366044bd651eafd1596c9cf1026b3a1cb6369cce43e86a89495a87f9f76d198","24.1.0",true,-5.7756395542248828,-5.7756395542248935,5.7756395542248828,5.7756395542248935,1.0658141036401503E-11,4,0,0,"systems/childm6y_baseline_f13p5_a23_p3_d70_x0_a366044bd6.zos","9853ae5cb68772c7aa5f1edbcbcbd80b2f3fc9389b084892f18bcac418836061",OK,,
"eye-zemax-5742062fbe3fd0f3","childm6y_baseline_f13p5_a23_p3_d80_x0_bbb0324824","bbb0324824eece56055d2f0228d0ed2ff64c33fbc640ae7b53edb2a665f3346f","24.1.0",true,-6.2895242847638055,-6.2895242847638198,6.2895242847638055,6.2895242847638198,1.4210854715202004E-11,4,0,0,"systems/childm6y_baseline_f13p5_a23_p3_d80_x0_bbb0324824.zos","116174d3ef198661e16a88eefd6608b693dac47e12f8051d0ca6f3edcde5ff47",OK,,
"eye-zemax-5742062fbe3fd0f3","childm6y_baseline_f13p5_a23_p3_d90_x0_efab581d08","efab581d08c23224ad5304136bd30f7d2869a3add075075563459fe0a08f402c","24.1.0",true,-6.8034090153027282,-6.803409015302746,6.8034090153027282,6.803409015302746,1.7763568394002505E-11,4,0,0,"systems/childm6y_baseline_f13p5_a23_p3_d90_x0_efab581d08.zos","184aeb5f59ca51dbe2476a81b8c5f5b1204580c2689d9d34db69ad921d2386b2",OK,,
"eye-zemax-5742062fbe3fd0f3","childm6y_baseline_f13p5_a23_p3_d100_x0_8ca8db3768","8ca8db3768cdc1fb75d0fba560c3bd8b2a9dccf645f0054261ff803e6257d067","24.1.0",true,-7.3172937458416492,-7.3172937458416669,7.3172937458416492,7.3172937458416669,1.7763568394002505E-11,4,0,0,"systems/childm6y_baseline_f13p5_a23_p3_d100_x0_8ca8db3768.zos","8a235dce6acf0810259a2787a7395efb5eaa855e634f7db152c3242f5df92cb8",OK,,
"eye-zemax-5742062fbe3fd0f3","childm6y_baseline_f13p5_a23_p3_d110_x0_33d1ff1e59","33d1ff1e59c7f4f720c2cefeea7c7543745ab5308cd75e44fea55753bd362f64","24.1.0",true,-7.8311784763805727,-7.8311784763805896,7.8311784763805727,7.8311784763805896,1.6875389974302379E-11,4,0,0,"systems/childm6y_baseline_f13p5_a23_p3_d110_x0_33d1ff1e59.zos","3b8f5b531256a79b5c4b3c2134c9dfaaacaee9e49f68deeb8877142f414941b7",OK,,
"eye-zemax-5742062fbe3fd0f3","childm6y_baseline_f13p5_a23_p3_d120_x0_38d30c2b70","38d30c2b70a9af03e218c67fbbbbdc4f55a0adec716af26730979c7660461693","24.1.0",true,-8.3450632069194945,-8.3450632069195159,8.3450632069194945,8.3450632069195159,2.1316282072803006E-11,4,0,0,"systems/childm6y_baseline_f13p5_a23_p3_d120_x0_38d30c2b70.zos","e732e9bf49fe9546ae9cb64db0cbc35fc76ff647e42dd09fd00b082433d44109",OK,,
"eye-zemax-5742062fbe3fd0f3","childm6y_baseline_f13p5_a23_p4_d60_x0_51380527fc","51380527fccdc48c471d59424d378f5107b37a444c76f87ff53ab36ec2643269","24.1.0",true,-6.0156730982479489,-6.0156730982479569,6.0156730982479489,6.0156730982479569,7.9936057773011271E-12,4,0,0,"systems/childm6y_baseline_f13p5_a23_p4_d60_x0_51380527fc.zos","9517f107b49e2b38659115236e2c09ffc2fcf8c8bdb089976d2432caf72e777d",OK,,
"eye-zemax-5742062fbe3fd0f3","childm6y_baseline_f13p5_a23_p4_d70_x0_506991ca4e","506991ca4e7b265a6ca16cbbe11d9762b1a02077a95717492d046959f4bf62e5","24.1.0",true,-6.7008527389665105,-6.7008527389665229,6.7008527389665105,6.7008527389665229,1.2434497875801753E-11,4,0,0,"systems/childm6y_baseline_f13p5_a23_p4_d70_x0_506991ca4e.zos","0f339c5d61af4dc2db0a2801ce418c2dc6bcef0ec61b7847e1875778d7cd0579",OK,,
"eye-zemax-5742062fbe3fd0f3","childm6y_baseline_f13p5_a23_p4_d80_x0_ee59a28d2c","ee59a28d2ce9914dc5f305000b6e2818714153d5bd0585cff4e870f8596757b8","24.1.0",true,-7.3860323796850738,-7.3860323796850889,7.3860323796850738,7.3860323796850889,1.5099033134902129E-11,4,0,0,"systems/childm6y_baseline_f13p5_a23_p4_d80_x0_ee59a28d2c.zos","d1baca3055455270bd2e9ad3cef11e723b00711868e4d6cfdb0d5139d634f596",OK,,
"eye-zemax-5742062fbe3fd0f3","childm6y_baseline_f13p5_a23_p4_d90_x0_339a22935e","339a22935e643a3d93ff9d0658ea7a2c03001b8f476b9141c8fed96f5c84b082","24.1.0",true,-8.0712120204036353,-8.0712120204036566,8.0712120204036353,8.0712120204036566,2.1316282072803006E-11,4,0,0,"systems/childm6y_baseline_f13p5_a23_p4_d90_x0_339a22935e.zos","40cdecbb5e51798d073b880fbe3a6193d5b4268f5755beb1b2a463256177698b",OK,,
"eye-zemax-5742062fbe3fd0f3","childm6y_baseline_f13p5_a23_p4_d100_x0_24ca512d62","24ca512d6290126d8443cbeb5110c81da3ea10447d973bf360b1f6f2ad2db4ae","24.1.0",true,-8.7563916611221995,-8.756391661122219,8.7563916611221995,8.756391661122219,1.9539925233402755E-11,4,0,0,"systems/childm6y_baseline_f13p5_a23_p4_d100_x0_24ca512d62.zos","9e46abcce53819fb2e6652e2da0532db9fb7f52fc96311b37cec8b9be8d3cec1",OK,,
"eye-zemax-5742062fbe3fd0f3","childm6y_baseline_f13p5_a23_p4_d110_x0_c13a40bde2","c13a40bde24049e8f8c2ccc8dbc525fdb2831d3a6a2a7f94a1eba370b6b455cb","24.1.0",true,-9.4415713018407637,-9.441571301840785,9.4415713018407637,9.441571301840785,2.1316282072803006E-11,4,0,0,"systems/childm6y_baseline_f13p5_a23_p4_d110_x0_c13a40bde2.zos","5c3809c1a5f2b92ec4b01b8f09fc63871759cb4bd1269d87f1148c5c2b83ace9",OK,,
"eye-zemax-5742062fbe3fd0f3","childm6y_baseline_f13p5_a23_p4_d120_x0_3d9e144318","3d9e14431881b9fd39bf1e84d415c0974460a9b900f5717035729fcf5cac8d1b","24.1.0",true,-10.126750942559326,-10.126750942559349,10.126750942559326,10.126750942559349,2.3092638912203256E-11,4,0,0,"systems/childm6y_baseline_f13p5_a23_p4_d120_x0_3d9e144318.zos","ccbc7679e323716c7f8b4b8eed9ceef82a01f82b8fc4a16766b23d54cab666fd",OK,,
"eye-zemax-5742062fbe3fd0f3","childm6y_baseline_f13p5_a23_p5_d60_x0_2a3c17e4bc","2a3c17e4bc4b6004a78561e293a9606308773f45ee06b7a2e485279852e728ec","24.1.0",true,-6.7695913728099351,-6.7695913728099431,6.7695913728099351,6.7695913728099431,7.9936057773011271E-12,4,0,0,"systems/childm6y_baseline_f13p5_a23_p5_d60_x0_2a3c17e4bc.zos","6f1b51e59956ad246e46f630575cc228600eea2c536f8227c3aae30a086497de",OK,,
"eye-zemax-5742062fbe3fd0f3","childm6y_baseline_f13p5_a23_p5_d70_x0_92cf261b41","92cf261b4122cb4304a4ca783bb6a8937567fce6dc03be4a68e9d4f102ae5b20","24.1.0",true,-7.6260659237081398,-7.6260659237081532,7.6260659237081398,7.6260659237081532,1.3322676295501878E-11,4,0,0,"systems/childm6y_baseline_f13p5_a23_p5_d70_x0_92cf261b41.zos","04097cfcd18f164b18cd313fd9f17a54db120259273d7a199b77e0f661960306",OK,,
"eye-zemax-5742062fbe3fd0f3","childm6y_baseline_f13p5_a23_p5_d80_x0_6f4be4e0b7","6f4be4e0b788eae0350970da376b35a365f58009b1375b3e7702b6041a753d91","24.1.0",true,-8.4825404746063437,-8.4825404746063597,8.4825404746063437,8.4825404746063597,1.5987211554602254E-11,4,0,0,"systems/childm6y_baseline_f13p5_a23_p5_d80_x0_6f4be4e0b7.zos","552a94561ea89af64ff5c2dfcc2268d6bcf51a5fb9d6f8b96a9ff561d3d9f08e",OK,,
"eye-zemax-5742062fbe3fd0f3","childm6y_baseline_f13p5_a23_p5_d90_x0_da3c82df86","da3c82df86acf076b754602f38a27801b23420023ff45c5f5707fb600ca403d3","24.1.0",true,-9.3390150255045441,-9.339015025504569,9.3390150255045441,9.339015025504569,2.4868995751603507E-11,4,0,0,"systems/childm6y_baseline_f13p5_a23_p5_d90_x0_da3c82df86.zos","4b896f35c4c40016891613f23490aeae22c71ee737c56429a2c182de7abc8a1b",OK,,
"eye-zemax-5742062fbe3fd0f3","childm6y_baseline_f13p5_a23_p5_d100_x0_6db1a18351","6db1a183519db9d0549b8402f4bce33be640b51487c39e3e3d9a0df5df5131e2","24.1.0",true,-10.19548957640275,-10.195489576402773,10.19548957640275,10.195489576402773,2.3092638912203256E-11,4,0,0,"systems/childm6y_baseline_f13p5_a23_p5_d100_x0_6db1a18351.zos","0b1c805c8ec58d2b2cae1fbef3a002d57716ebd8affa578b25d7e1595a311640",OK,,
"eye-zemax-5742062fbe3fd0f3","childm6y_baseline_f13p5_a23_p5_d110_x0_7af10bf935","7af10bf9358dc8194309cd431837d7a8f94fbafe3daad5657daa7266a511cf43","24.1.0",true,-11.051964127300955,-11.051964127300977,11.051964127300955,11.051964127300977,2.1316282072803006E-11,4,0,0,"systems/childm6y_baseline_f13p5_a23_p5_d110_x0_7af10bf935.zos","dbf6ba91f7decc31a6d9f066a97729e99fe38e2d23c6cd118324f827e3180669",OK,,
"eye-zemax-5742062fbe3fd0f3","childm6y_baseline_f13p5_a23_p5_d120_x0_b58c10d649","b58c10d649e6c64331bc22af62a9d7a582c2c82a119263f85f232a9254585cc3","24.1.0",true,-11.908438678199158,-11.908438678199188,11.908438678199158,11.908438678199188,3.0198066269804258E-11,4,0,0,"systems/childm6y_baseline_f13p5_a23_p5_d120_x0_b58c10d649.zos","3230e19ef7583826b98424fbf375f1e3eb7dab9022989ebd42bf65467e633727",OK,,
"eye-zemax-5742062fbe3fd0f3","childm6y_baseline_f15p1_a23_p2_d60_x0_0e615f0d08","0e615f0d0819914f165715d0aa895dd337884ad63a4957cc19272c34e8751b30","24.1.0",true,-4.7767321648094541,-4.7767321648094629,4.7767321648094541,4.7767321648094629,8.8817841970012523E-12,4,0,0,"systems/childm6y_baseline_f15p1_a23_p2_d60_x0_0e615f0d08.zos","a70880d76fd6a1ccaa2855fb03640bd9690d9162fcbc63e656ea923bc91a056e",OK,,
"eye-zemax-5742062fbe3fd0f3","childm6y_baseline_f15p1_a23_p2_d70_x0_9d2febffd7","9d2febffd7b0a3eda6188eb721ef30bee237540535f35e50e21c2ccef48c2ad1","24.1.0",true,-5.1193219851687362,-5.1193219851687459,5.1193219851687362,5.1193219851687459,9.7699626167013776E-12,4,0,0,"systems/childm6y_baseline_f15p1_a23_p2_d70_x0_9d2febffd7.zos","c2e1e74d72f0626962c2dac2110de1bb2917a565c64153191c7b7dc53f2b091d",OK,,
"eye-zemax-5742062fbe3fd0f3","childm6y_baseline_f15p1_a23_p2_d80_x0_92396e04c9","92396e04c9e6b97088fb7d24b73cd93fd6f96aea1c401bd1e6eacd68530d5007","24.1.0",true,-5.4619118055280165,-5.4619118055280307,5.4619118055280165,5.4619118055280307,1.4210854715202004E-11,4,0,0,"systems/childm6y_baseline_f15p1_a23_p2_d80_x0_92396e04c9.zos","35b9dcfaaecf546ec0c78c354ee29241b0f99a3dd1147c47deb708e4f486731e",OK,,
"eye-zemax-5742062fbe3fd0f3","childm6y_baseline_f15p1_a23_p2_d90_x0_efc483eb2e","efc483eb2eba6514a05460d95218c060c5012d900bac3bf5c5d49bcf9a1a88a4","24.1.0",true,-5.8045016258872977,-5.8045016258873137,5.8045016258872977,5.8045016258873137,1.5987211554602254E-11,4,0,0,"systems/childm6y_baseline_f15p1_a23_p2_d90_x0_efc483eb2e.zos","57cffc34c33a9b7c46cff7e89da7f9ec631c21b9cc36775fa03f14f127a7abd4",OK,,
"eye-zemax-5742062fbe3fd0f3","childm6y_baseline_f15p1_a23_p2_d100_x0_863f2f5142","863f2f5142ed52228f8258045be364ed453ae49d23bb580a87202c243ea1b249","24.1.0",true,-6.1470914462465789,-6.1470914462465949,6.1470914462465789,6.1470914462465949,1.5987211554602254E-11,4,0,0,"systems/childm6y_baseline_f15p1_a23_p2_d100_x0_863f2f5142.zos","622064cd30d5219d0859b3718088be3958db288f47a984249b301c477eb58895",OK,,
"eye-zemax-5742062fbe3fd0f3","childm6y_baseline_f15p1_a23_p2_d110_x0_4bdefe7689","4bdefe768905833870e85a98fb53623e8c2b3573b8e767f3a29da88c8584e1fc","24.1.0",true,-6.4896812666058619,-6.4896812666058761,6.4896812666058619,6.4896812666058761,1.4210854715202004E-11,4,0,0,"systems/childm6y_baseline_f15p1_a23_p2_d110_x0_4bdefe7689.zos","479bc115c4d428ed617ae5ba43e571fa05ec051a12c069ede8bac66d7abb83cd",OK,,
"eye-zemax-5742062fbe3fd0f3","childm6y_baseline_f15p1_a23_p2_d120_x0_2f411ffe79","2f411ffe797aa3666a143594acdbb8b7643c09aadea64d0ff1dd66d0bbdd17ba","24.1.0",true,-6.8322710869651431,-6.8322710869651582,6.8322710869651431,6.8322710869651582,1.5099033134902129E-11,4,0,0,"systems/childm6y_baseline_f15p1_a23_p2_d120_x0_2f411ffe79.zos","9a89d0f36fcf978f27b1f192e6d616f1214dc160ae32bf2377532234ef871903",OK,,
"eye-zemax-5742062fbe3fd0f3","childm6y_baseline_f15p1_a23_p3_d60_x0_d4ffc18703","d4ffc187033793a6e7dce696d68f38b54c333b8cf41dee1dc0cf55561fc5b840","24.1.0",true,-5.6650982472141802,-5.66509824721419,5.6650982472141802,5.66509824721419,9.7699626167013776E-12,4,0,0,"systems/childm6y_baseline_f15p1_a23_p3_d60_x0_d4ffc18703.zos","0099e6aaea2fc8192aaeb7ea63f65b5c2e08a728901bb49ae2545166a3c1c437",OK,,
"eye-zemax-5742062fbe3fd0f3","childm6y_baseline_f15p1_a23_p3_d70_x0_c369b71c4f","c369b71c4fd8060e84f8208e8ec1113ad4dfc86742434b249bcd2426ddbe89d5","24.1.0",true,-6.1789829777531029,-6.1789829777531153,6.1789829777531029,6.1789829777531153,1.2434497875801753E-11,4,0,0,"systems/childm6y_baseline_f15p1_a23_p3_d70_x0_c369b71c4f.zos","ddae61bd3f1267916cc48e04411e8708370cbb662b2e54d2d4e1820c5d80b43b",OK,,
"eye-zemax-5742062fbe3fd0f3","childm6y_baseline_f15p1_a23_p3_d80_x0_17ebf0f16a","17ebf0f16ab99ade4e28ce37c2f8bce37bc9636494df0bb56bb631e1d81ab59e","24.1.0",true,-6.6928677082920238,-6.6928677082920407,6.6928677082920238,6.6928677082920407,1.6875389974302379E-11,4,0,0,"systems/childm6y_baseline_f15p1_a23_p3_d80_x0_17ebf0f16a.zos","47af25fcf75ae943bb7a3ac242145e5fa01ce83c9f2ef1a64c261bfb7421c688",OK,,
"eye-zemax-5742062fbe3fd0f3","childm6y_baseline_f15p1_a23_p3_d90_x0_22ebe5c609","22ebe5c609142cf40c87dd3d7d690e0619bd3e93a2e36fa902faf6d886544bf3","24.1.0",true,-7.2067524388309465,-7.2067524388309652,7.2067524388309465,7.2067524388309652,1.865174681370263E-11,4,0,0,"systems/childm6y_baseline_f15p1_a23_p3_d90_x0_22ebe5c609.zos","7b2480ded12a46d4ce2a772e0953e2ff79a68efbdb084af3895cf0a49e4cdcad",OK,,
"eye-zemax-5742062fbe3fd0f3","childm6y_baseline_f15p1_a23_p3_d100_x0_550a12b2d3","550a12b2d3da5337de95b0e4b5137649eaa120a6df3faedb0a0e92ab451ab3b3","24.1.0",true,-7.7206371693698692,-7.720637169369887,7.7206371693698692,7.720637169369887,1.7763568394002505E-11,4,0,0,"systems/childm6y_baseline_f15p1_a23_p3_d100_x0_550a12b2d3.zos","0e65e456da866c32f54faa050c55646e88c31fa463c75f9f9099c4876e5d8f26",OK,,
"eye-zemax-5742062fbe3fd0f3","childm6y_baseline_f15p1_a23_p3_d110_x0_bafb2d6b0b","bafb2d6b0bb08036762b9edd3e47fcc1d4ed59c054565d2793e41c4438cceebb","24.1.0",true,-8.2345218999087919,-8.2345218999088097,8.2345218999087919,8.2345218999088097,1.7763568394002505E-11,4,0,0,"systems/childm6y_baseline_f15p1_a23_p3_d110_x0_bafb2d6b0b.zos","2e24a373b718d3b29562cbea08d9a3afcbd287388605316172e49be228f0951b",OK,,
"eye-zemax-5742062fbe3fd0f3","childm6y_baseline_f15p1_a23_p3_d120_x0_31d91d3631","31d91d36318c6c44bea6257e69214e1bd6f3d83f21fdd2383feef0bd3b6a54dd","24.1.0",true,-8.7484066304477146,-8.7484066304477359,8.7484066304477146,8.7484066304477359,2.1316282072803006E-11,4,0,0,"systems/childm6y_baseline_f15p1_a23_p3_d120_x0_31d91d3631.zos","2ae2ea2a18a6d3e4bb928c564eb604dc03c35b85e8041950dcabe3ec0d2947a0",OK,,
"eye-zemax-5742062fbe3fd0f3","childm6y_baseline_f15p1_a23_p4_d60_x0_33be4c1553","33be4c15537d87ffc9aa812fe49b52fb6568e13803c521a353ae3f2c1bbf02f4","24.1.0",true,-6.5534643296189072,-6.5534643296189188,6.5534643296189072,6.5534643296189188,1.1546319456101628E-11,4,0,0,"systems/childm6y_baseline_f15p1_a23_p4_d60_x0_33be4c1553.zos","0264017b49edefdf5cb0b8f7ce700857dc3ef1c1820839fa5b3c17e8b243ad01",OK,,
"eye-zemax-5742062fbe3fd0f3","childm6y_baseline_f15p1_a23_p4_d70_x0_92b396cb9d","92b396cb9d8b6da32c121520dbb62ff515f106d33e2ac59402b10392431c62ad","24.1.0",true,-7.2386439703374705,-7.2386439703374847,7.2386439703374705,7.2386439703374847,1.4210854715202004E-11,4,0,0,"systems/childm6y_baseline_f15p1_a23_p4_d70_x0_92b396cb9d.zos","7db47d834cdf96fc0e2df50c36f08137a2da93652be1991422bbf8632a47e807",OK,,
"eye-zemax-5742062fbe3fd0f3","childm6y_baseline_f15p1_a23_p4_d80_x0_4ec35f5db1","4ec35f5db1cb7564cd7afa50190bfc218abe1220efc1c1a8289f9b2709f8ae5d","24.1.0",true,-7.9238236110560329,-7.9238236110560507,7.9238236110560329,7.9238236110560507,1.7763568394002505E-11,4,0,0,"systems/childm6y_baseline_f15p1_a23_p4_d80_x0_4ec35f5db1.zos","dab58ffb97fc90d5f9051f5626c219a0e19d73d33386ff0e69c9639d389006fa",OK,,
"eye-zemax-5742062fbe3fd0f3","childm6y_baseline_f15p1_a23_p4_d90_x0_41381d73b5","41381d73b5a1a4066e494733119182045e30024701b98ca2fe8960b35dd9ed9f","24.1.0",true,-8.6090032517745954,-8.6090032517746184,8.6090032517745954,8.6090032517746184,2.3092638912203256E-11,4,0,0,"systems/childm6y_baseline_f15p1_a23_p4_d90_x0_41381d73b5.zos","e8ffa5260f33594d901f6afb56d2f250ba54b25e032ad22d5e05831e6c04dcf7",OK,,
"eye-zemax-5742062fbe3fd0f3","childm6y_baseline_f15p1_a23_p4_d100_x0_7e6e6c3d29","7e6e6c3d29d00b03daec316672b036c6d20dc57cb68613ea9e529564d9209047","24.1.0",true,-9.2941828924931578,-9.2941828924931826,9.2941828924931578,9.2941828924931826,2.4868995751603507E-11,4,0,0,"systems/childm6y_baseline_f15p1_a23_p4_d100_x0_7e6e6c3d29.zos","46a64fcd3b7daa41e31da795e97faae74d7b5cf10ca1629a1026c938c214fa6f",OK,,
"eye-zemax-5742062fbe3fd0f3","childm6y_baseline_f15p1_a23_p4_d110_x0_b17e8fc276","b17e8fc276ee3e529d7ef14027e1aedd5c2dea536c8318cc851d3aaf4143e0a5","24.1.0",true,-9.979362533211722,-9.9793625332117433,9.979362533211722,9.9793625332117433,2.1316282072803006E-11,4,0,0,"systems/childm6y_baseline_f15p1_a23_p4_d110_x0_b17e8fc276.zos","bd4007a945780a013eb7c0aaa7e321fa9e9200e927b420c6c17e32a2e3ee138b",OK,,
"eye-zemax-5742062fbe3fd0f3","childm6y_baseline_f15p1_a23_p4_d120_x0_892fbe5230","892fbe523071c1a0814bc626da1d28e8d3921b2f4a6f2c2fc80e37fa345af472","24.1.0",true,-10.664542173930284,-10.664542173930309,10.664542173930284,10.664542173930309,2.4868995751603507E-11,4,0,0,"systems/childm6y_baseline_f15p1_a23_p4_d120_x0_892fbe5230.zos","391f0814fdb80523a2d7f76812f857cbec38d574f34ebef042e4bffdb8d14eb4",OK,,
"eye-zemax-5742062fbe3fd0f3","childm6y_baseline_f15p1_a23_p5_d60_x0_c0032f7d12","c0032f7d12d85a26d973df645ccf54091aa1a3c7328bf401246ba6f06afed3ca","24.1.0",true,-7.4418304120236343,-7.4418304120236476,7.4418304120236343,7.4418304120236476,1.3322676295501878E-11,4,0,0,"systems/childm6y_baseline_f15p1_a23_p5_d60_x0_c0032f7d12.zos","8cd62743858a499c8d0e28dae752e8d35f21534963e15c59bc38a34259abe929",OK,,
"eye-zemax-5742062fbe3fd0f3","childm6y_baseline_f15p1_a23_p5_d70_x0_a49fd6c9d1","a49fd6c9d186732da9765d02bea9dfa9bed76e7e2139eee461ca6cc843fc9bcf","24.1.0",true,-8.2983049629218382,-8.2983049629218542,8.2983049629218382,8.2983049629218542,1.5987211554602254E-11,4,0,0,"systems/childm6y_baseline_f15p1_a23_p5_d70_x0_a49fd6c9d1.zos","10019dc623e0ae0686d889cf89b82ce7ec37d14fc9a133a16523720289884af7",OK,,
"eye-zemax-5742062fbe3fd0f3","childm6y_baseline_f15p1_a23_p5_d80_x0_451e222dd2","451e222dd28f4b60dc68472233bf81ccbe69e5f3817a261dd753f6e38a6fa589","24.1.0",true,-9.1547795138200421,-9.1547795138200634,9.1547795138200421,9.1547795138200634,2.1316282072803006E-11,4,0,0,"systems/childm6y_baseline_f15p1_a23_p5_d80_x0_451e222dd2.zos","cb56daa3d246673af9fd26fb4c36cfb0ee80e06754906ce3f9233da43db30e19",OK,,
"eye-zemax-5742062fbe3fd0f3","childm6y_baseline_f15p1_a23_p5_d90_x0_c84edb84b9","c84edb84b90faf41afc10d7d7e0d235413ccbf6f41fcf135263b881a7ab9b9be","24.1.0",true,-10.011254064718244,-10.011254064718269,10.011254064718244,10.011254064718269,2.4868995751603507E-11,4,0,0,"systems/childm6y_baseline_f15p1_a23_p5_d90_x0_c84edb84b9.zos","a58e74b6f42fea1590e0a13ee2623e5b39ee7642dc647127a46862e1f4a5f923",OK,,
"eye-zemax-5742062fbe3fd0f3","childm6y_baseline_f15p1_a23_p5_d100_x0_6c0400d2ee","6c0400d2ee8d9f61818965be1880fe063ae06802ed0ad86cd512489e0965837a","24.1.0",true,-10.86772861561645,-10.867728615616475,10.86772861561645,10.867728615616475,2.4868995751603507E-11,4,0,0,"systems/childm6y_baseline_f15p1_a23_p5_d100_x0_6c0400d2ee.zos","42d40a01a62a48d32c0f5b7bc011d0f16e75c3b103d1202dfa78ecd471c835a6",OK,,
"eye-zemax-5742062fbe3fd0f3","childm6y_baseline_f15p1_a23_p5_d110_x0_a9a7d46663","a9a7d466633853c5f62d90ba6543829d60f69af2af9866d8910f14aa9e3d28f4","24.1.0",true,-11.724203166514656,-11.72420316651468,11.724203166514656,11.72420316651468,2.4868995751603507E-11,4,0,0,"systems/childm6y_baseline_f15p1_a23_p5_d110_x0_a9a7d46663.zos","ad96bdff387fba9129df57e9f2cce460d3537928725e4363437f4053902b9c45",OK,,
"eye-zemax-5742062fbe3fd0f3","childm6y_baseline_f15p1_a23_p5_d120_x0_576f24f5ca","576f24f5cabb9b13d2c3d6862ffc4f4e4ee145e65e3bde2a421185ecb8493833","24.1.0",true,-12.580677717412854,-12.580677717412884,12.580677717412854,12.580677717412884,3.0198066269804258E-11,4,0,0,"systems/childm6y_baseline_f15p1_a23_p5_d120_x0_576f24f5ca.zos","a01904a9544c622741b722269c092dea00553f162820cd18ff93f21bf33ff63f",OK,,
"eye-zemax-5742062fbe3fd0f3","childm6y_baseline_f16p7_a23_p2_d60_x0_78b884fdd5","78b884fdd5c16990beb2cc346719c33e17609b98dc5419495fee19b23fbde594","24.1.0",true,-4.9941028721001111,-4.9941028721001226,4.9941028721001111,4.9941028721001226,1.1546319456101628E-11,4,0,0,"systems/childm6y_baseline_f16p7_a23_p2_d60_x0_78b884fdd5.zos","ccf5442e29a63b332eb0b355b016174faec7b49aadcf79d3dcb5e93b78cbd70b",OK,,
"eye-zemax-5742062fbe3fd0f3","childm6y_baseline_f16p7_a23_p2_d70_x0_e1ad204d12","e1ad204d1272914cbe54f82b806ac90d905bf83ca70ca178502f7bbf6b463d78","24.1.0",true,-5.3366926924593932,-5.3366926924594056,5.3366926924593932,5.3366926924594056,1.2434497875801753E-11,4,0,0,"systems/childm6y_baseline_f16p7_a23_p2_d70_x0_e1ad204d12.zos","5dffeb2776f5aa4e417c936512522cc321b984b8dcaa34f097c9120d8042d51a",OK,,
"eye-zemax-5742062fbe3fd0f3","childm6y_baseline_f16p7_a23_p2_d80_x0_0e641fb754","0e641fb754f301af4aec23814843e81ac151cc560eeaea1e2db6af43e5bcffcc","24.1.0",true,-5.6792825128186744,-5.6792825128186886,5.6792825128186744,5.6792825128186886,1.4210854715202004E-11,4,0,0,"systems/childm6y_baseline_f16p7_a23_p2_d80_x0_0e641fb754.zos","7dd26410a6e3e4b2c62ed1748216ab62aead49d8ba7a19a0218e26d03f13e123",OK,,
"eye-zemax-5742062fbe3fd0f3","childm6y_baseline_f16p7_a23_p2_d90_x0_ec9dd24556","ec9dd2455659b4ab4ba0bd33f81bb66d3cdf5f226f64d30bb110e350caf115d5","24.1.0",true,-6.0218723331779547,-6.0218723331779689,6.0218723331779547,6.0218723331779689,1.4210854715202004E-11,4,0,0,"systems/childm6y_baseline_f16p7_a23_p2_d90_x0_ec9dd24556.zos","1b5bac639a36054235df81bc7e0734a750efb33e2053dd022bace7ebbc9a3b52",OK,,
"eye-zemax-5742062fbe3fd0f3","childm6y_baseline_f16p7_a23_p2_d100_x0_9dfbdaa097","9dfbdaa097aef21cbfb02fe5e6945800a1f6fde09ae1ba358536f4f884872c41","24.1.0",true,-6.3644621535372368,-6.3644621535372536,6.3644621535372368,6.3644621535372536,1.6875389974302379E-11,4,0,0,"systems/childm6y_baseline_f16p7_a23_p2_d100_x0_9dfbdaa097.zos","011d45f7bd3d4e375e72e10240130a49033ca5845f9334e034dc0a861190a382",OK,,
"eye-zemax-5742062fbe3fd0f3","childm6y_baseline_f16p7_a23_p2_d110_x0_fd9f9f857c","fd9f9f857cc57b30ac8f7289c55b854f3d125b87128ce7a92acf3c7e9ce2d93b","24.1.0",true,-6.707051973896518,-6.7070519738965348,6.707051973896518,6.7070519738965348,1.6875389974302379E-11,4,0,0,"systems/childm6y_baseline_f16p7_a23_p2_d110_x0_fd9f9f857c.zos","df9094179f78d2086d386bfcbf64fc80ac870b35030cdb8ba52f67156c11f2ce",OK,,
"eye-zemax-5742062fbe3fd0f3","childm6y_baseline_f16p7_a23_p2_d120_x0_47be89c344","47be89c34442d9af4d6b453db79fc878d0dffb223aea91febdbd506876079c5b","24.1.0",true,-7.0496417942558001,-7.0496417942558178,7.0496417942558001,7.0496417942558178,1.7763568394002505E-11,4,0,0,"systems/childm6y_baseline_f16p7_a23_p2_d120_x0_47be89c344.zos","99dfd2dba4ae153d7b69fda04dbbd96fc9a92691aba4303ef3a20f5647d4b467",OK,,
"eye-zemax-5742062fbe3fd0f3","childm6y_baseline_f16p7_a23_p3_d60_x0_cd60c38028","cd60c3802814adb88a923ef9e44b7f008bcd7e47065f87837bdfd76116709459","24.1.0",true,-5.9911543081501666,-5.9911543081501781,5.9911543081501666,5.9911543081501781,1.1546319456101628E-11,4,0,0,"systems/childm6y_baseline_f16p7_a23_p3_d60_x0_cd60c38028.zos","68d02f3431bbfdee4e4dbe1aa415cf945287e4f5b329cf94cb176068d43eedfe",OK,,
"eye-zemax-5742062fbe3fd0f3","childm6y_baseline_f16p7_a23_p3_d70_x0_3e20d1296e","3e20d1296ef56eab85cfbdf4fca9ee47270b267479d3944c61c4011c1f704095","24.1.0",true,-6.5050390386890893,-6.5050390386891035,6.5050390386890893,6.5050390386891035,1.4210854715202004E-11,4,0,0,"systems/childm6y_baseline_f16p7_a23_p3_d70_x0_3e20d1296e.zos","a41021d6b5198db68cea448060012c1d33c48caf1d1395bcf7fff0bff712833b",OK,,
"eye-zemax-5742062fbe3fd0f3","childm6y_baseline_f16p7_a23_p3_d80_x0_53b15d0ce6","53b15d0ce6d13f5b12d8cef38c6161a1ecf5db46c1714543691532db36840597","24.1.0",true,-7.0189237692280102,-7.018923769228028,7.0189237692280102,7.018923769228028,1.7763568394002505E-11,4,0,0,"systems/childm6y_baseline_f16p7_a23_p3_d80_x0_53b15d0ce6.zos","e40d8f4f8a4ab6f02741faa775af8554e3271eca0deeb4b6959b254bf344d42a",OK,,
"eye-zemax-5742062fbe3fd0f3","childm6y_baseline_f16p7_a23_p3_d90_x0_0cd9f49dfa","0cd9f49dfa1e4a3190d631f4bb1f397f6e3a8a7948b0a96355c6c7a7d41acb45","24.1.0",true,-7.5328084997669329,-7.5328084997669507,7.5328084997669329,7.5328084997669507,1.7763568394002505E-11,4,0,0,"systems/childm6y_baseline_f16p7_a23_p3_d90_x0_0cd9f49dfa.zos","aacd377653c5fe20db86845ebf7dafce1f4c42b0f3cdc88e86a23a69adbe909a",OK,,
"eye-zemax-5742062fbe3fd0f3","childm6y_baseline_f16p7_a23_p3_d100_x0_823e4df0e3","823e4df0e3de8477bc2f343dd22ed8f0bdb6dca8b6bf1453ac0fa2c4a6bf515c","24.1.0",true,-8.0466932303058556,-8.0466932303058769,8.0466932303058556,8.0466932303058769,2.1316282072803006E-11,4,0,0,"systems/childm6y_baseline_f16p7_a23_p3_d100_x0_823e4df0e3.zos","ddab9366cf70548888b4094ef1ff8c86009057add6c157a898af4700afd2a276",OK,,
"eye-zemax-5742062fbe3fd0f3","childm6y_baseline_f16p7_a23_p3_d110_x0_c726a12b4a","c726a12b4a3fcce69949ed2c30e23c53feb259f3a9c43712545bcac16bfbfbfe","24.1.0",true,-8.5605779608447783,-8.5605779608447978,8.5605779608447783,8.5605779608447978,1.9539925233402755E-11,4,0,0,"systems/childm6y_baseline_f16p7_a23_p3_d110_x0_c726a12b4a.zos","f3ec969d781b16054087026e4a41461c58248556a872212dbb304af5708afca3",OK,,
"eye-zemax-5742062fbe3fd0f3","childm6y_baseline_f16p7_a23_p3_d120_x0_7ab690107b","7ab690107bef8c886673b88eb6881433b7d135961df64f95c6de2531b54da7a7","24.1.0",true,-9.074462691383701,-9.0744626913837205,9.074462691383701,9.0744626913837205,1.9539925233402755E-11,4,0,0,"systems/childm6y_baseline_f16p7_a23_p3_d120_x0_7ab690107b.zos","6dbf7df2019de83a7214a3a589147132d2e8a0821aad410dd5be9289a7edebc7",OK,,
"eye-zemax-5742062fbe3fd0f3","childm6y_baseline_f16p7_a23_p4_d60_x0_882d14436b","882d14436b85426e112f4d3e95cb5fe35c7507860dac3ea9b67d2e47612d2629","24.1.0",true,-6.988205744200223,-6.9882057442002363,6.988205744200223,6.9882057442002363,1.3322676295501878E-11,4,0,0,"systems/childm6y_baseline_f16p7_a23_p4_d60_x0_882d14436b.zos","12270c284e7d5b4eb1b0f342c132ebbc14846bb4b68831d49078a40ae4a80c40",OK,,
"eye-zemax-5742062fbe3fd0f3","childm6y_baseline_f16p7_a23_p4_d70_x0_5841c6ebbe","5841c6ebbe08ff0004e55452dac9e8310b20860996d81e74ee347cac9c78ff79","24.1.0",true,-7.6733853849187863,-7.6733853849188005,7.6733853849187863,7.6733853849188005,1.4210854715202004E-11,4,0,0,"systems/childm6y_baseline_f16p7_a23_p4_d70_x0_5841c6ebbe.zos","cf4a2549d0624adee906ebcc3c2442ca777ecd18d3673c5f00321b4d46d6ea07",OK,,
"eye-zemax-5742062fbe3fd0f3","childm6y_baseline_f16p7_a23_p4_d80_x0_48ac9aa7ff","48ac9aa7ff08c71829ad34bea70c86bf1c7a5cd1d3f40f31fe592dbca9beb8bf","24.1.0",true,-8.3585650256373469,-8.3585650256373683,8.3585650256373469,8.3585650256373683,2.1316282072803006E-11,4,0,0,"systems/childm6y_baseline_f16p7_a23_p4_d80_x0_48ac9aa7ff.zos","8de2d77dce12f22abaa8b8d369642ab6ef2a9d76b2159a6d29ff00e78eb6140c",OK,,
"eye-zemax-5742062fbe3fd0f3","childm6y_baseline_f16p7_a23_p4_d90_x0_94300ddf4a","94300ddf4a0ff4af52c8e56213f3ec08d599ed6799dfbbb3f448fb92feb135ae","24.1.0",true,-9.0437446663559093,-9.0437446663559342,9.0437446663559093,9.0437446663559342,2.4868995751603507E-11,4,0,0,"systems/childm6y_baseline_f16p7_a23_p4_d90_x0_94300ddf4a.zos","f676a1566993fa252706a66af68bc93e69908c7bf33dd9161b0f1f02b3ca08ff",OK,,
"eye-zemax-5742062fbe3fd0f3","childm6y_baseline_f16p7_a23_p4_d100_x0_f3d07355dc","f3d07355dccf554c52b7b3bade957c719cccb82aa929468d6e302757ee5a1ad3","24.1.0",true,-9.7289243070744735,-9.7289243070744966,9.7289243070744735,9.7289243070744966,2.3092638912203256E-11,4,0,0,"systems/childm6y_baseline_f16p7_a23_p4_d100_x0_f3d07355dc.zos","f20149c4385985733c6e63420b58aaa77dd788bf50dd08d54ab8427146c2d4db",OK,,
"eye-zemax-5742062fbe3fd0f3","childm6y_baseline_f16p7_a23_p4_d110_x0_81d4ca76d7","81d4ca76d7b756b959c71177f2d43a385306fc7e282cc2c7d568a6d2b92d40a3","24.1.0",true,-10.414103947793036,-10.414103947793061,10.414103947793036,10.414103947793061,2.4868995751603507E-11,4,0,0,"systems/childm6y_baseline_f16p7_a23_p4_d110_x0_81d4ca76d7.zos","1eec74a361b23aec51fc5574f50f65f912a865dfe3617c26c78320c05291187e",OK,,
"eye-zemax-5742062fbe3fd0f3","childm6y_baseline_f16p7_a23_p4_d120_x0_f1254615c5","f1254615c517c0abcf854b549e2af2d76beca56e88c38301bd6902a40a38023d","24.1.0",true,-11.0992835885116,-11.099283588511625,11.0992835885116,11.099283588511625,2.4868995751603507E-11,4,0,0,"systems/childm6y_baseline_f16p7_a23_p4_d120_x0_f1254615c5.zos","284c0a1d7a1b09cbbf7ea1950ebd86cc53ce9196128b02460d78aeefbf3971b8",OK,,
"eye-zemax-5742062fbe3fd0f3","childm6y_baseline_f16p7_a23_p5_d60_x0_8a926d60a5","8a926d60a5347ef37f6ea51f7da5b55158ec1f0345b01ad0f8efe3d8ef583da8","24.1.0",true,-7.9852571802502776,-7.9852571802502927,7.9852571802502776,7.9852571802502927,1.5099033134902129E-11,4,0,0,"systems/childm6y_baseline_f16p7_a23_p5_d60_x0_8a926d60a5.zos","e6f77b15b13975ffa60b42dd7a97b0a1047eb76a0b8cf56b1ce60b2ee73c971b",OK,,
"eye-zemax-5742062fbe3fd0f3","childm6y_baseline_f16p7_a23_p5_d70_x0_337b06f91c","337b06f91c564e485edd332dada7c3c1564f7d55e37335c22cd3faac66ddf501","24.1.0",true,-8.8417317311484815,-8.8417317311484993,8.8417317311484815,8.8417317311484993,1.7763568394002505E-11,4,0,0,"systems/childm6y_baseline_f16p7_a23_p5_d70_x0_337b06f91c.zos","352a6409e66cf576206479442bf962aa3737dc5dec385b808c9ef3f01961fa07",OK,,
"eye-zemax-5742062fbe3fd0f3","childm6y_baseline_f16p7_a23_p5_d80_x0_8216bc2251","8216bc22515d90200ee0f722477550eda9d3e3710c863b3885d7d323c7d3b78d","24.1.0",true,-9.6982062820466837,-9.6982062820467085,9.6982062820466837,9.6982062820467085,2.4868995751603507E-11,4,0,0,"systems/childm6y_baseline_f16p7_a23_p5_d80_x0_8216bc2251.zos","ad2d1f450ec6ea33a634ecc896ed501d48318914c601361f47063cd49026e3e3",OK,,
"eye-zemax-5742062fbe3fd0f3","childm6y_baseline_f16p7_a23_p5_d90_x0_e485b5bebc","e485b5bebc4fc3869ea6da190728e949e72bcd0c2e0ea4c7e6490cc7e0f04728","24.1.0",true,-10.554680832944888,-10.554680832944911,10.554680832944888,10.554680832944911,2.3092638912203256E-11,4,0,0,"systems/childm6y_baseline_f16p7_a23_p5_d90_x0_e485b5bebc.zos","c203cf213a876a552ba336e2110a367b83d020d3b9e5271068dd647263e502a5",OK,,
"eye-zemax-5742062fbe3fd0f3","childm6y_baseline_f16p7_a23_p5_d100_x0_0da208ddae","0da208ddae9a4d80062876755d85b3ccd05e452ea5050e1831d74a2e96ca8d40","24.1.0",true,-11.411155383843091,-11.41115538384312,11.411155383843091,11.41115538384312,2.8421709430404007E-11,4,0,0,"systems/childm6y_baseline_f16p7_a23_p5_d100_x0_0da208ddae.zos","6852e6934cd8bea08b025912fe6bba018fb4729e16bdc1642bbc5ec1f5e28866",OK,,
"eye-zemax-5742062fbe3fd0f3","childm6y_baseline_f16p7_a23_p5_d110_x0_b31b8c042d","b31b8c042d2fada745de5ff54793863eeeb907d1ad1def6c14c4d3920c511285","24.1.0",true,-12.267629934741295,-12.267629934741326,12.267629934741295,12.267629934741326,3.0198066269804258E-11,4,0,0,"systems/childm6y_baseline_f16p7_a23_p5_d110_x0_b31b8c042d.zos","ed73ac8355e3e4a6ee8ddb0029ff17c075228788b83464789981428986261954",OK,,
"eye-zemax-5742062fbe3fd0f3","childm6y_baseline_f16p7_a23_p5_d120_x0_d1c0ac0226","d1c0ac02262b548228cfa6669630920146b021851c857fe7a71a5f681a41f43e","24.1.0",true,-13.124104485639499,-13.124104485639529,13.124104485639499,13.124104485639529,3.0198066269804258E-11,4,0,0,"systems/childm6y_baseline_f16p7_a23_p5_d120_x0_d1c0ac0226.zos","0a02def985d90097748a5638c23ec045a28bd40e079444ba4e7dc2885518c68e",OK,,
"eye-zemax-5742062fbe3fd0f3","adultm18y_baseline_f12p8_a23p6_p2_d60_x0_59ce27266d","59ce27266dfc1111dd8b77e290adf1ae5fcf1c67fd3f592ebe3d9cb19f9ee2d1","24.1.0",true,-4.3528574101796407,-4.3528574101796291,4.3528574101796407,4.3528574101796291,1.1546319456101628E-11,4,0,0,"systems/adultm18y_baseline_f12p8_a23p6_p2_d60_x0_59ce27266d.zos","04aa346d1578ca29692e43589ae001c7064382e92c061cd364f766a74514641e",OK,,
"eye-zemax-5742062fbe3fd0f3","adultm18y_baseline_f12p8_a23p6_p2_d70_x0_262f70f69c","262f70f69cd5842bb8716c66a308332bdaaeb7a51aea50c88b8caa872930b20a","24.1.0",true,-4.7043843562874255,-4.7043843562874148,4.7043843562874255,4.7043843562874148,1.0658141036401503E-11,4,0,0,"systems/adultm18y_baseline_f12p8_a23p6_p2_d70_x0_262f70f69c.zos","c684e35e4307fa0aa3b7e02334130cb69b5178fdd60d544f8054343bd4dcc7f6",OK,,
"eye-zemax-5742062fbe3fd0f3","adultm18y_baseline_f12p8_a23p6_p2_d80_x0_2ca92bbf06","2ca92bbf068b07b6b2bca165502d6ea4b2226ac31f2d7713f062fccb415a195a","24.1.0",true,-5.0559113023952085,-5.0559113023952014,5.0559113023952085,5.0559113023952014,7.1054273576010019E-12,4,0,0,"systems/adultm18y_baseline_f12p8_a23p6_p2_d80_x0_2ca92bbf06.zos","e92f20e947bff6d01f546b4738def4723414cc92c7ffa6096a0cc9841ca8a37b",OK,,
"eye-zemax-5742062fbe3fd0f3","adultm18y_baseline_f12p8_a23p6_p2_d90_x0_ecaebaa104","ecaebaa104612da556524a76236e944dd1cf6bdc3f4c87f0670ac3c96be47cb0","24.1.0",true,-5.407438248502995,-5.407438248502987,5.407438248502995,5.407438248502987,7.9936057773011271E-12,4,0,0,"systems/adultm18y_baseline_f12p8_a23p6_p2_d90_x0_ecaebaa104.zos","10e713f3a91b9c9d21185bb2978d811e2bc641772f2afd36a7aca9f99283e5a1",OK,,
"eye-zemax-5742062fbe3fd0f3","adultm18y_baseline_f12p8_a23p6_p2_d100_x0_af444f2e39","af444f2e39614a69f36ca5f32fc6ba01de99cbe49ce3aa004f5275885192734a","24.1.0",true,-5.7589651946107789,-5.7589651946107692,5.7589651946107789,5.7589651946107692,9.7699626167013776E-12,4,0,0,"systems/adultm18y_baseline_f12p8_a23p6_p2_d100_x0_af444f2e39.zos","058e6e3cbd2d666423ca7498e8bc51c038da3ff2c4c48d8f1225b6b99f52340d",OK,,
"eye-zemax-5742062fbe3fd0f3","adultm18y_baseline_f12p8_a23p6_p2_d110_x0_b3670b26f7","b3670b26f726ecc772da1909c9e4a8a81b329393510b02f94fae929264397eb0","24.1.0",true,-6.1104921407185628,-6.1104921407185531,6.1104921407185628,6.1104921407185531,9.7699626167013776E-12,4,0,0,"systems/adultm18y_baseline_f12p8_a23p6_p2_d110_x0_b3670b26f7.zos","42987db9296857b08f19351575e10fbd8ef44b4569c6c16959328b400c771442",OK,,
"eye-zemax-5742062fbe3fd0f3","adultm18y_baseline_f12p8_a23p6_p2_d120_x0_97c2e00c82","97c2e00c82fd1bc06370e83a3ed1a4823715eaad033d3445c5bed784ee887de7","24.1.0",true,-6.4620190868263467,-6.4620190868263361,6.4620190868263467,6.4620190868263361,1.0658141036401503E-11,4,0,0,"systems/adultm18y_baseline_f12p8_a23p6_p2_d120_x0_97c2e00c82.zos","6a950bd4a5a7598515b989126da412ae8ec66bef5245b69fb1dd5ae959029e38",OK,,
"eye-zemax-5742062fbe3fd0f3","adultm18y_baseline_f12p8_a23p6_p3_d60_x0_8514a73335","8514a7333594c85e4dae53e818dc5f6fc119541cb1379aec71bc8b2176bfcf9f","24.1.0",true,-5.0292861152694606,-5.0292861152694481,5.0292861152694606,5.0292861152694481,1.2434497875801753E-11,4,0,0,"systems/adultm18y_baseline_f12p8_a23p6_p3_d60_x0_8514a73335.zos","f5bd6e36348884b58a604431a31c326ee83ae3a4e6d7f312d58206c0fc35cea6",OK,,
"eye-zemax-5742062fbe3fd0f3","adultm18y_baseline_f12p8_a23p6_p3_d70_x0_f7aba60963","f7aba609638fd5707079344a5d2925effecc1504cb3e22958b689b5880a35917","24.1.0",true,-5.5565765344311382,-5.5565765344311266,5.5565765344311382,5.5565765344311266,1.1546319456101628E-11,4,0,0,"systems/adultm18y_baseline_f12p8_a23p6_p3_d70_x0_f7aba60963.zos","9355342e9d582862508eb9a40dcfc202d686add86cf4de0c71e44de524362bca",OK,,
"eye-zemax-5742062fbe3fd0f3","adultm18y_baseline_f12p8_a23p6_p3_d80_x0_a533f63bb6","a533f63bb67cce7dbc68a991b3172b192d3d6c63f7c8e73977b8d730e9ab3294","24.1.0",true,-6.083866953592814,-6.0838669535928034,6.083866953592814,6.0838669535928034,1.0658141036401503E-11,4,0,0,"systems/adultm18y_baseline_f12p8_a23p6_p3_d80_x0_a533f63bb6.zos","c1a92e0c14f9794d4125981e1f5ebd8f71632407b00207d374a9503d32c5245b",OK,,
"eye-zemax-5742062fbe3fd0f3","adultm18y_baseline_f12p8_a23p6_p3_d90_x0_9f78d0b872","9f78d0b872bceb4986953a41a9a4a9ffc98e20b51c4feb2d73957dc36f842fb7","24.1.0",true,-6.6111573727544908,-6.6111573727544837,6.6111573727544908,6.6111573727544837,7.1054273576010019E-12,4,0,0,"systems/adultm18y_baseline_f12p8_a23p6_p3_d90_x0_9f78d0b872.zos","e84942cfa2e57346e778c161d66313fc0793e744bb5dbcbef00777368ccec411",OK,,
"eye-zemax-5742062fbe3fd0f3","adultm18y_baseline_f12p8_a23p6_p3_d100_x0_295f8c3603","295f8c360342a3be048ab16318416ab03916fc33ee9bdf9eefa6f8b52cc09ed3","24.1.0",true,-7.1384477919161675,-7.1384477919161551,7.1384477919161675,7.1384477919161551,1.2434497875801753E-11,4,0,0,"systems/adultm18y_baseline_f12p8_a23p6_p3_d100_x0_295f8c3603.zos","a40d890aa863973f1dd5dc539c19ddfebba168b2f7d3b137beb30a024ffbd22f",OK,,
"eye-zemax-5742062fbe3fd0f3","adultm18y_baseline_f12p8_a23p6_p3_d110_x0_6e7ff68ab8","6e7ff68ab8bae05b027fb624be3881a8c985232b56ce50f4aea7d784eb51edee","24.1.0",true,-7.6657382110778443,-7.6657382110778309,7.6657382110778443,7.6657382110778309,1.3322676295501878E-11,4,0,0,"systems/adultm18y_baseline_f12p8_a23p6_p3_d110_x0_6e7ff68ab8.zos","d73d273150be7c7b95a34c31c50db3110172bdc73bbb15c976185cb2c5e79dd6",OK,,
"eye-zemax-5742062fbe3fd0f3","adultm18y_baseline_f12p8_a23p6_p3_d120_x0_92ff5ca0ed","92ff5ca0edd3baf55976bb3fe841ca6e5fea5ebd7d904f356341db087a722498","24.1.0",true,-8.193028630239521,-8.1930286302395086,8.193028630239521,8.1930286302395086,1.2434497875801753E-11,4,0,0,"systems/adultm18y_baseline_f12p8_a23p6_p3_d120_x0_92ff5ca0ed.zos","164a4814eecec89259ece8d0309b51b3ece9f0ced37a483b4360e0ec2064de94",OK,,
"eye-zemax-5742062fbe3fd0f3","adultm18y_baseline_f12p8_a23p6_p4_d60_x0_e964c7243c","e964c7243c4ed1f77a8f42bea6230b71700703f47c6366fe963b7e726a23f7d0","24.1.0",true,-5.7057148203592822,-5.7057148203592689,5.7057148203592822,5.7057148203592689,1.3322676295501878E-11,4,0,0,"systems/adultm18y_baseline_f12p8_a23p6_p4_d60_x0_e964c7243c.zos","32d6e1397f112f76d6960946cc3357f09ce3ac5e32960599c8e60fe50260a718",OK,,
"eye-zemax-5742062fbe3fd0f3","adultm18y_baseline_f12p8_a23p6_p4_d70_x0_88d0dfbd8d","88d0dfbd8d06244da487c09493e0defe0514243b8784c8a5beb793805018f165","24.1.0",true,-6.40876871257485,-6.4087687125748385,6.40876871257485,6.4087687125748385,1.1546319456101628E-11,4,0,0,"systems/adultm18y_baseline_f12p8_a23p6_p4_d70_x0_88d0dfbd8d.zos","02d0fcfdc21d30d9bee8ad62227137b95ba3c221b85f9d447ff06c9c7d92efe3",OK,,
"eye-zemax-5742062fbe3fd0f3","adultm18y_baseline_f12p8_a23p6_p4_d80_x0_876105a956","876105a956379ced6267605a125a50e83df2e3bdb59c147d76fcfcc65867c559","24.1.0",true,-7.1118226047904187,-7.1118226047904098,7.1118226047904187,7.1118226047904098,8.8817841970012523E-12,4,0,0,"systems/adultm18y_baseline_f12p8_a23p6_p4_d80_x0_876105a956.zos","11634a665bebdc38ea04c08671e412a94303ec6a43c10924419c4590772cbd4e",OK,,
"eye-zemax-5742062fbe3fd0f3","adultm18y_baseline_f12p8_a23p6_p4_d90_x0_a2796db11b","a2796db11ba5464d342b4454e5cff14b22765a07a2f19eb6c2029b8a28a4b1b6","24.1.0",true,-7.8148764970059865,-7.8148764970059785,7.8148764970059865,7.8148764970059785,7.9936057773011271E-12,4,0,0,"systems/adultm18y_baseline_f12p8_a23p6_p4_d90_x0_a2796db11b.zos","4a5ba8a6319531712b96370e2c7c05e55b4a08c50d8aef29b96438df4454b1c0",OK,,
"eye-zemax-5742062fbe3fd0f3","adultm18y_baseline_f12p8_a23p6_p4_d100_x0_ffedc2350c","ffedc2350c9af924db90b569a89bf20894091f59c32ecbb2a9ca5cbbfc360860","24.1.0",true,-8.5179303892215561,-8.5179303892215419,8.5179303892215561,8.5179303892215419,1.4210854715202004E-11,4,0,0,"systems/adultm18y_baseline_f12p8_a23p6_p4_d100_x0_ffedc2350c.zos","2789f221a906b51de24e50eaa3ad9163f9fd4eca41d43935c132ce2556ce0daf",OK,,
"eye-zemax-5742062fbe3fd0f3","adultm18y_baseline_f12p8_a23p6_p4_d110_x0_943068ce12","943068ce12108c18aba51cae5dab04a2a24b4d303f1acbc95cbef39f698c1ac3","24.1.0",true,-9.2209842814371257,-9.2209842814371097,9.2209842814371257,9.2209842814371097,1.5987211554602254E-11,4,0,0,"systems/adultm18y_baseline_f12p8_a23p6_p4_d110_x0_943068ce12.zos","517a399e74d7ab5868765112f3efdcf9dfbe8418f2afe410268455d6a0dbb922",OK,,
"eye-zemax-5742062fbe3fd0f3","adultm18y_baseline_f12p8_a23p6_p4_d120_x0_27e9725fe9","27e9725fe9a7621e4196eaefc0bac644f6cf2b47c7e58035f5b7c819e883c0bb","24.1.0",true,-9.9240381736526952,-9.9240381736526793,9.9240381736526952,9.9240381736526793,1.5987211554602254E-11,4,0,0,"systems/adultm18y_baseline_f12p8_a23p6_p4_d120_x0_27e9725fe9.zos","830d3559bb924d725079d802919221040ec923a96cd626b6508aa6d63c9185ab",OK,,
"eye-zemax-5742062fbe3fd0f3","adultm18y_baseline_f12p8_a23p6_p5_d60_x0_d50d95a20c","d50d95a20c3757d63b8e5063278fefa5b4b64dd3a4151dbc62c293718021f9be","24.1.0",true,-6.3821435254491021,-6.3821435254490879,6.3821435254491021,6.3821435254490879,1.4210854715202004E-11,4,0,0,"systems/adultm18y_baseline_f12p8_a23p6_p5_d60_x0_d50d95a20c.zos","8134a6555915b73a8f4fa2fd9cd57ebb20b133a561cf562ddb86b14e4e67d0c8",OK,,
"eye-zemax-5742062fbe3fd0f3","adultm18y_baseline_f12p8_a23p6_p5_d70_x0_980aee8203","980aee8203ed836aaf1cd4c91c29506725b6f13fc2adba2392caabc7a311827f","24.1.0",true,-7.2609608907185637,-7.2609608907185503,7.2609608907185637,7.2609608907185503,1.3322676295501878E-11,4,0,0,"systems/adultm18y_baseline_f12p8_a23p6_p5_d70_x0_980aee8203.zos","34a281820294d0afa9e6777c1eba86037a563c1e82e38c8c864b2bb9a9752409",OK,,
"eye-zemax-5742062fbe3fd0f3","adultm18y_baseline_f12p8_a23p6_p5_d80_x0_f2a57191ad","f2a57191ad94a2adda349ef6f9c3039b94eea6c1333e9e815ae972bf8ef84002","24.1.0",true,-8.1397782559880216,-8.1397782559880127,8.1397782559880216,8.1397782559880127,8.8817841970012523E-12,4,0,0,"systems/adultm18y_baseline_f12p8_a23p6_p5_d80_x0_f2a57191ad.zos","2088311cfecef5bd22d18198f5a270df3d2599ad0f894ebc91f617bfb3ddee04",OK,,
"eye-zemax-5742062fbe3fd0f3","adultm18y_baseline_f12p8_a23p6_p5_d90_x0_53b1814825","53b1814825bccfce76637b07eda26ad421b87a7fd05aca2367a904fff855708e","24.1.0",true,-9.018595621257484,-9.0185956212574752,9.018595621257484,9.0185956212574752,8.8817841970012523E-12,4,0,0,"systems/adultm18y_baseline_f12p8_a23p6_p5_d90_x0_53b1814825.zos","040c92f622ac4330e7791ff37129b0ef4e5b2c9f019cc23cf55a45f5b5583422",OK,,
"eye-zemax-5742062fbe3fd0f3","adultm18y_baseline_f12p8_a23p6_p5_d100_x0_e70dd43aaa","e70dd43aaaac0f3e0951266666b6b5822448b2c6ee7cc97466be10e601a360ff","24.1.0",true,-9.8974129865269482,-9.8974129865269305,9.8974129865269482,9.8974129865269305,1.7763568394002505E-11,4,0,0,"systems/adultm18y_baseline_f12p8_a23p6_p5_d100_x0_e70dd43aaa.zos","d1786cf4f521b214b0dd03ac4b7f396f5e823d43c856bda8eed0b4a7f4143322",OK,,
"eye-zemax-5742062fbe3fd0f3","adultm18y_baseline_f12p8_a23p6_p5_d110_x0_c08d238377","c08d23837716bf1dbc77dc5e9946360fdcc8b57e7aa17c4efa9504e407b09956","24.1.0",true,-10.776230351796407,-10.776230351796388,10.776230351796407,10.776230351796388,1.9539925233402755E-11,4,0,0,"systems/adultm18y_baseline_f12p8_a23p6_p5_d110_x0_c08d238377.zos","068f6b39f9f66920c22e9daa84571f8eff40ada2d38547abb20b9099e889e760",OK,,
"eye-zemax-5742062fbe3fd0f3","adultm18y_baseline_f12p8_a23p6_p5_d120_x0_72451d4539","72451d453950bae004490935313dd5de105ad34fb493fa61e88144b6c1b01afa","24.1.0",true,-11.65504771706587,-11.655047717065848,11.65504771706587,11.655047717065848,2.1316282072803006E-11,4,0,0,"systems/adultm18y_baseline_f12p8_a23p6_p5_d120_x0_72451d4539.zos","7deab7c5b1280e885a84be6c8afb75e8e7a9a06a30cd211cb9e908bfba3be913",OK,,
"eye-zemax-5742062fbe3fd0f3","adultm18y_baseline_f14p75_a23p6_p2_d60_x0_f31161ac28","f31161ac28aed11208aa3937bd5ddb7e2715129a9d9c8bbf2f5b31f4acede6e6","24.1.0",true,-4.7159281437125751,-4.7159281437125653,4.7159281437125751,4.7159281437125653,9.7699626167013776E-12,4,0,0,"systems/adultm18y_baseline_f14p75_a23p6_p2_d60_x0_f31161ac28.zos","6bf56fdd04e5c832891073cda158b54ec1518598c5d9cce9a47b320a14d5eb60",OK,,
"eye-zemax-5742062fbe3fd0f3","adultm18y_baseline_f14p75_a23p6_p2_d70_x0_4a412fd520","4a412fd52002a824914dc0ab5d26f03e38adf5d6b8d25c662ff1337d448a46a0","24.1.0",true,-5.0674550898203599,-5.0674550898203492,5.0674550898203599,5.0674550898203492,1.0658141036401503E-11,4,0,0,"systems/adultm18y_baseline_f14p75_a23p6_p2_d70_x0_4a412fd520.zos","bc7e267f39e5647a12b0d99f1a9aae92b6b103f2540d67a55609629c1565752a",OK,,
"eye-zemax-5742062fbe3fd0f3","adultm18y_baseline_f14p75_a23p6_p2_d80_x0_8166e5f0cf","8166e5f0cf1a2deae7e9229d88af66e30e58be599d6a6a00c9bd1701569e70cf","24.1.0",true,-5.4189820359281438,-5.4189820359281349,5.4189820359281438,5.4189820359281349,8.8817841970012523E-12,4,0,0,"systems/adultm18y_baseline_f14p75_a23p6_p2_d80_x0_8166e5f0cf.zos","680b4cab32d53e4b838bb8fbc46d75b7cdf980c3d45c2350c72cbb265ecaa701",OK,,
"eye-zemax-5742062fbe3fd0f3","adultm18y_baseline_f14p75_a23p6_p2_d90_x0_f8797909c2","f8797909c26d55a055f450a0212bdeebc98dd55084e6ebf5940c997f69a39974","24.1.0",true,-5.7705089820359277,-5.7705089820359188,5.7705089820359277,5.7705089820359188,8.8817841970012523E-12,4,0,0,"systems/adultm18y_baseline_f14p75_a23p6_p2_d90_x0_f8797909c2.zos","33611844caaa9e864310461ffc587eaa4e21ec8e57daceee7c99d29b7fadf07e",OK,,
"eye-zemax-5742062fbe3fd0f3","adultm18y_baseline_f14p75_a23p6_p2_d100_x0_cbdf5f34f4","cbdf5f34f4943bf2150de38dd22cb93eb18b74f2de63e52446d4e58b858cbbd1","24.1.0",true,-6.1220359281437133,-6.1220359281437027,6.1220359281437133,6.1220359281437027,1.0658141036401503E-11,4,0,0,"systems/adultm18y_baseline_f14p75_a23p6_p2_d100_x0_cbdf5f34f4.zos","619e4e628fd073d8f1a32f210b81067df86644a12042fd4fba44049f129aa5f8",OK,,
"eye-zemax-5742062fbe3fd0f3","adultm18y_baseline_f14p75_a23p6_p2_d110_x0_9750480b74","9750480b7409032c01f802f39c0f3324609a6a6e7af7255a829ff483837fb0e1","24.1.0",true,-6.4735628742514972,-6.4735628742514848,6.4735628742514972,6.4735628742514848,1.2434497875801753E-11,4,0,0,"systems/adultm18y_baseline_f14p75_a23p6_p2_d110_x0_9750480b74.zos","49fdfd3124454bc626815897ef90b87a6e8eaa1fe71ed0254503b62e4207fa2e",OK,,
"eye-zemax-5742062fbe3fd0f3","adultm18y_baseline_f14p75_a23p6_p2_d120_x0_ce359006a5","ce359006a5da75d9f842f4f5027d7bb5180ee8adf16bfbf767779303b516b527","24.1.0",true,-6.8250898203592811,-6.8250898203592705,6.8250898203592811,6.8250898203592705,1.0658141036401503E-11,4,0,0,"systems/adultm18y_baseline_f14p75_a23p6_p2_d120_x0_ce359006a5.zos","35b2c708b5a9ffbf02ad52fdc57f77fb47eaa617d7eda9d0dae7fff41a6936cd",OK,,
"eye-zemax-5742062fbe3fd0f3","adultm18y_baseline_f14p75_a23p6_p3_d60_x0_8d95a751c3","8d95a751c3946b1171f1bb2c7806cd7a905c3c6bb75dfe059c3bf65bbafd39ff","24.1.0",true,-5.5738922155688613,-5.5738922155688524,5.5738922155688613,5.5738922155688524,8.8817841970012523E-12,4,0,0,"systems/adultm18y_baseline_f14p75_a23p6_p3_d60_x0_8d95a751c3.zos","15fe49f22685252628b74354da9edfa051cb395d5c3531161f16a3c058246e78",OK,,
"eye-zemax-5742062fbe3fd0f3","adultm18y_baseline_f14p75_a23p6_p3_d70_x0_b8586f3fd6","b8586f3fd6f4c9ac867f6a69cad6bfae0c4b9eaeaaa419b0de5eb763a0469db8","24.1.0",true,-6.1011826347305398,-6.1011826347305282,6.1011826347305398,6.1011826347305282,1.1546319456101628E-11,4,0,0,"systems/adultm18y_baseline_f14p75_a23p6_p3_d70_x0_b8586f3fd6.zos","e6f81b320b387ce88519578eba6cb35ee2fee8cbbc5f142efd55c6aeb0668a11",OK,,
"eye-zemax-5742062fbe3fd0f3","adultm18y_baseline_f14p75_a23p6_p3_d80_x0_61ae0c311f","61ae0c311f2352e49582b47fc6306999a7b4781a0b84f3e7865adc94a9222a34","24.1.0",true,-6.6284730538922156,-6.6284730538922041,6.6284730538922156,6.6284730538922041,1.1546319456101628E-11,4,0,0,"systems/adultm18y_baseline_f14p75_a23p6_p3_d80_x0_61ae0c311f.zos","36b19a2e0384546639ea32c1b0ff0b6376e93cf0e17edd86e278a0ba181688bf",OK,,
"eye-zemax-5742062fbe3fd0f3","adultm18y_baseline_f14p75_a23p6_p3_d90_x0_395f7ac079","395f7ac079413cdd7974b00d0efc71d4fb8ccba50d9a2aac368a2fa7ca18e93c","24.1.0",true,-7.1557634730538906,-7.1557634730538808,7.1557634730538906,7.1557634730538808,9.7699626167013776E-12,4,0,0,"systems/adultm18y_baseline_f14p75_a23p6_p3_d90_x0_395f7ac079.zos","40fc89999d840cd04272c168d52c6eb95a288d2a7d8b1854ba4ea7a8b37510a9",OK,,
"eye-zemax-5742062fbe3fd0f3","adultm18y_baseline_f14p75_a23p6_p3_d100_x0_b2568fdcdc","b2568fdcdc76e42c2fb494872b0c4d91b5abb4d2fe5acd29d190ab576372f802","24.1.0",true,-7.6830538922155682,-7.6830538922155549,7.6830538922155682,7.6830538922155549,1.3322676295501878E-11,4,0,0,"systems/adultm18y_baseline_f14p75_a23p6_p3_d100_x0_b2568fdcdc.zos","80d2d22edeca7c807704d38f2cc0cd5c80f19de4eaace5e240256c273023ce12",OK,,
"eye-zemax-5742062fbe3fd0f3","adultm18y_baseline_f14p75_a23p6_p3_d110_x0_3786734c41","3786734c41005d48032c902ab9d795ebe14cd0ab3ea6d7933235195e31673482","24.1.0",true,-8.2103443113772467,-8.2103443113772325,8.2103443113772467,8.2103443113772325,1.4210854715202004E-11,4,0,0,"systems/adultm18y_baseline_f14p75_a23p6_p3_d110_x0_3786734c41.zos","f0859591f3e59425e07caa98309972802bf1c22125a731863bae2c410e57af6b",OK,,
"eye-zemax-5742062fbe3fd0f3","adultm18y_baseline_f14p75_a23p6_p3_d120_x0_1481644751","14816447519a704c4cf54163836a5fa7f8c6369047f47b0e3260d41fcedcc70b","24.1.0",true,-8.7376347305389217,-8.7376347305389075,8.7376347305389217,8.7376347305389075,1.4210854715202004E-11,4,0,0,"systems/adultm18y_baseline_f14p75_a23p6_p3_d120_x0_1481644751.zos","2e7a73349ec38c8ee578305d7bf7f943a9f4305b95ef9e2b01b0bb60c5e36ccc",OK,,
"eye-zemax-5742062fbe3fd0f3","adultm18y_baseline_f14p75_a23p6_p4_d60_x0_c4a1029e94","c4a1029e94c35a9a270a1655e8dbe400cf3303c587f74f62debbeee214602415","24.1.0",true,-6.4318562874251484,-6.4318562874251377,6.4318562874251484,6.4318562874251377,1.0658141036401503E-11,4,0,0,"systems/adultm18y_baseline_f14p75_a23p6_p4_d60_x0_c4a1029e94.zos","8cefe85f9f4ee48d3089f96c85ec664b3e2d70affa5fc3a36d34c3091ccb8ef4",OK,,
"eye-zemax-5742062fbe3fd0f3","adultm18y_baseline_f14p75_a23p6_p4_d70_x0_667b3116d6","667b3116d618641d6044515dd79a0c8ebf6e47f13eb89668dc1b4bef44432d43","24.1.0",true,-7.1349101796407188,-7.1349101796407055,7.1349101796407188,7.1349101796407055,1.3322676295501878E-11,4,0,0,"systems/adultm18y_baseline_f14p75_a23p6_p4_d70_x0_667b3116d6.zos","40b9d1450a9615ad2b3d75f7362c1370969cab45df800b66c290bd619380baee",OK,,
"eye-zemax-5742062fbe3fd0f3","adultm18y_baseline_f14p75_a23p6_p4_d80_x0_d715953b8d","d715953b8d4808746397d179feb8bb434c97b798831b6740461a5607d49c0aba","24.1.0",true,-7.8379640718562875,-7.8379640718562751,7.8379640718562875,7.8379640718562751,1.2434497875801753E-11,4,0,0,"systems/adultm18y_baseline_f14p75_a23p6_p4_d80_x0_d715953b8d.zos","6a3a8e34e43973e744c5bac3c69fc02463cde31f4167edd4df263297fb71d5b0",OK,,
"eye-zemax-5742062fbe3fd0f3","adultm18y_baseline_f14p75_a23p6_p4_d90_x0_50d302e5c8","50d302e5c8741f826204f7fe9e06b9e5ea0d19246f57e3f88ef8236805581afa","24.1.0",true,-8.5410179640718553,-8.5410179640718447,8.5410179640718553,8.5410179640718447,1.0658141036401503E-11,4,0,0,"systems/adultm18y_baseline_f14p75_a23p6_p4_d90_x0_50d302e5c8.zos","c292c821a181257b00dd1f6717ab16cb5973dd02f1f5c715d44238c8bbe1750f",OK,,
"eye-zemax-5742062fbe3fd0f3","adultm18y_baseline_f14p75_a23p6_p4_d100_x0_da1fc7daf8","da1fc7daf88a3d92d8f2efb815bb47b9f61fb7b119a7767248cda0a3bcb6273a","24.1.0",true,-9.2440718562874249,-9.2440718562874125,9.2440718562874249,9.2440718562874125,1.2434497875801753E-11,4,0,0,"systems/adultm18y_baseline_f14p75_a23p6_p4_d100_x0_da1fc7daf8.zos","22f39a745c9e286b518dee2d4418d501af7d849d96e317ca7fd2720bce52bde6",OK,,
"eye-zemax-5742062fbe3fd0f3","adultm18y_baseline_f14p75_a23p6_p4_d110_x0_7b3947c09f","7b3947c09ffc4d1924ea9285f22527e74becfd54c5b7d0ba70b01b9a93fca07f","24.1.0",true,-9.9471257485029962,-9.9471257485029803,9.9471257485029962,9.9471257485029803,1.5987211554602254E-11,4,0,0,"systems/adultm18y_baseline_f14p75_a23p6_p4_d110_x0_7b3947c09f.zos","0f4c5029a63e96a33171818ca5957fe823a85c610ffef722fe9ab88ac27ed933",OK,,
"eye-zemax-5742062fbe3fd0f3","adultm18y_baseline_f14p75_a23p6_p4_d120_x0_c280a22238","c280a22238e630f128fd240fa9b59720e795ce4be8773cc137b3d06b37f90425","24.1.0",true,-10.650179640718564,-10.650179640718548,10.650179640718564,10.650179640718548,1.5987211554602254E-11,4,0,0,"systems/adultm18y_baseline_f14p75_a23p6_p4_d120_x0_c280a22238.zos","61232a9c7433970a5196d869f00218e400b341712038739b5c125d2592c443f9",OK,,
"eye-zemax-5742062fbe3fd0f3","adultm18y_baseline_f14p75_a23p6_p5_d60_x0_12916b00bf","12916b00bf5e7c56943f7ed9f0002cec06a8aa09dbe4f497c3ae557aeb9486e8","24.1.0",true,-7.2898203592814355,-7.2898203592814239,7.2898203592814355,7.2898203592814239,1.1546319456101628E-11,4,0,0,"systems/adultm18y_baseline_f14p75_a23p6_p5_d60_x0_12916b00bf.zos","a9589359c93ab71358ee33109a8a7b513d5e92a7b90ec277602b5075caf0fc7b",OK,,
"eye-zemax-5742062fbe3fd0f3","adultm18y_baseline_f14p75_a23p6_p5_d70_x0_8139b5af7a","8139b5af7a2e8303b879e2316fc757bee591c97b54cde2daf886c33fc80fe66a","24.1.0",true,-8.1686377245508996,-8.1686377245508837,8.1686377245508996,8.1686377245508837,1.5987211554602254E-11,4,0,0,"systems/adultm18y_baseline_f14p75_a23p6_p5_d70_x0_8139b5af7a.zos","ee694c8245c45380d559b36f4b3b367443b58a2fd3d8f30d925e96349eb2d972",OK,,
"eye-zemax-5742062fbe3fd0f3","adultm18y_baseline_f14p75_a23p6_p5_d80_x0_10ade8a84e","10ade8a84e763b14a7833530d7eb856eff4818332de23a02466dab232aee1a80","24.1.0",true,-9.0474550898203585,-9.0474550898203461,9.0474550898203585,9.0474550898203461,1.2434497875801753E-11,4,0,0,"systems/adultm18y_baseline_f14p75_a23p6_p5_d80_x0_10ade8a84e.zos","52dc540b3441c438bc2e5d9595b58749131658e6946b74754a7f3bface769899",OK,,
"eye-zemax-5742062fbe3fd0f3","adultm18y_baseline_f14p75_a23p6_p5_d90_x0_f47892d48f","f47892d48f1b7f8ad2ccd0cb27da6b70f2e8dd11f0286571e5c717d4e0d58ec5","24.1.0",true,-9.9262724550898191,-9.9262724550898085,9.9262724550898191,9.9262724550898085,1.0658141036401503E-11,4,0,0,"systems/adultm18y_baseline_f14p75_a23p6_p5_d90_x0_f47892d48f.zos","aa8c0494a8ecb88131465e10207b232d967a9298158b5a0ee7936155c5e47e84",OK,,
"eye-zemax-5742062fbe3fd0f3","adultm18y_baseline_f14p75_a23p6_p5_d100_x0_c3417564bf","c3417564bfb0005d6ca8b2fbf08a03ff4f612278e89c8194baa35638812f93bf","24.1.0",true,-10.805089820359282,-10.805089820359264,10.805089820359282,10.805089820359264,1.7763568394002505E-11,4,0,0,"systems/adultm18y_baseline_f14p75_a23p6_p5_d100_x0_c3417564bf.zos","5297709723215593a122905f13b3e806704263c3ee612ca746a28369942f930e",OK,,
"eye-zemax-5742062fbe3fd0f3","adultm18y_baseline_f14p75_a23p6_p5_d110_x0_f0e6614595","f0e6614595b38d34903f53644a7d643fe3eb7a1c538b071539cb18655571cfc2","24.1.0",true,-11.683907185628742,-11.683907185628724,11.683907185628742,11.683907185628724,1.7763568394002505E-11,4,0,0,"systems/adultm18y_baseline_f14p75_a23p6_p5_d110_x0_f0e6614595.zos","804d2d575a163c0314e86c6334acc59ee252c0afd66567c6eb743ddd0558b2cc",OK,,
"eye-zemax-5742062fbe3fd0f3","adultm18y_baseline_f14p75_a23p6_p5_d120_x0_542e79fe71","542e79fe712e111910d6ecd6fb8bb9fe1f49c90bb46ab9e3ea58e82d89af3898","24.1.0",true,-12.562724550898203,-12.562724550898182,12.562724550898203,12.562724550898182,2.1316282072803006E-11,4,0,0,"systems/adultm18y_baseline_f14p75_a23p6_p5_d120_x0_542e79fe71.zos","020fc53def490a64a753ee77eb352dcf5d9110dd5efa79d47881f08976bc363c",OK,,
"eye-zemax-5742062fbe3fd0f3","adultm18y_baseline_f16p7_a23p6_p2_d60_x0_77db5dd90d","77db5dd90d623cb20500c70024a889d93dd60c7cb4b60675f0ddc9f0dae61dc3","24.1.0",true,-4.9942099035462011,-4.9942099035461904,4.9942099035462011,4.9942099035461904,1.0658141036401503E-11,4,0,0,"systems/adultm18y_baseline_f16p7_a23p6_p2_d60_x0_77db5dd90d.zos","25537a4d4517ea25e9ec26c89289bd8816b6a48cb9b4d538e54ff1449a997a71",OK,,
"eye-zemax-5742062fbe3fd0f3","adultm18y_baseline_f16p7_a23p6_p2_d70_x0_56a00abd2a","56a00abd2ab20eb6fad4c23be016e4834bbbf59588a8607aaed9ca43f4e71b29","24.1.0",true,-5.345736849653985,-5.3457368496539743,5.345736849653985,5.3457368496539743,1.0658141036401503E-11,4,0,0,"systems/adultm18y_baseline_f16p7_a23p6_p2_d70_x0_56a00abd2a.zos","3a6e069b3b184ae0b0d34e02998899a6bf2fca27c5862aa25bd7f36b04aafde5",OK,,
"eye-zemax-5742062fbe3fd0f3","adultm18y_baseline_f16p7_a23p6_p2_d80_x0_96d14f1794","96d14f1794ddab24bad3cf3079034d164dc4b2001c1da8965153a2aad1f16991","24.1.0",true,-5.6972637957617698,-5.6972637957617591,5.6972637957617698,5.6972637957617591,1.0658141036401503E-11,4,0,0,"systems/adultm18y_baseline_f16p7_a23p6_p2_d80_x0_96d14f1794.zos","7cc2e119ec8679c19cc1f10fd5b720370ad204b28e8524cbed6c3a40754a69ee",OK,,
"eye-zemax-5742062fbe3fd0f3","adultm18y_baseline_f16p7_a23p6_p2_d90_x0_899df5ba63","899df5ba6339e8d7263265354641651a17a4a203efa256ce4405a73fa80ece63","24.1.0",true,-6.0487907418695546,-6.0487907418695439,6.0487907418695546,6.0487907418695439,1.0658141036401503E-11,4,0,0,"systems/adultm18y_baseline_f16p7_a23p6_p2_d90_x0_899df5ba63.zos","97acc0a662d2df074cb8979035c05d30cd8f13544448c047951ffc855beae983",OK,,
"eye-zemax-5742062fbe3fd0f3","adultm18y_baseline_f16p7_a23p6_p2_d100_x0_6a85ab188f","6a85ab188f3ad9f99766607a99aa81000d8cc2a0b3c1e4ecf30012807764fed0","24.1.0",true,-6.4003176879773385,-6.400317687977326,6.4003176879773385,6.400317687977326,1.2434497875801753E-11,4,0,0,"systems/adultm18y_baseline_f16p7_a23p6_p2_d100_x0_6a85ab188f.zos","8ca29d4b5e8f9c24c6a70d3a54e66cfcc4455ecfa8ab95b7a2f2f38d0410373b",OK,,
"eye-zemax-5742062fbe3fd0f3","adultm18y_baseline_f16p7_a23p6_p2_d110_x0_75c174802f","75c174802f995383edeaff83b26b1d18a0cbfbee1972409b3ff6c2f2b0d99276","24.1.0",true,-6.7518446340851241,-6.7518446340851099,6.7518446340851241,6.7518446340851099,1.4210854715202004E-11,4,0,0,"systems/adultm18y_baseline_f16p7_a23p6_p2_d110_x0_75c174802f.zos","91bfd3c904096904c0ca722ca5a5d256775d834fd9418e92c249ac7661152882",OK,,
"eye-zemax-5742062fbe3fd0f3","adultm18y_baseline_f16p7_a23p6_p2_d120_x0_dc7aa70ac2","dc7aa70ac234a6a8b4c08787cc42b939cc411000678cd59aa1603be35b115d6f","24.1.0",true,-7.103371580192908,-7.1033715801928921,7.103371580192908,7.1033715801928921,1.5987211554602254E-11,4,0,0,"systems/adultm18y_baseline_f16p7_a23p6_p2_d120_x0_dc7aa70ac2.zos","bf2a7947bedf6131e6d883c37476d9e2d29ce8d8a482c8d9dd52cdf2dd9424ca",OK,,
"eye-zemax-5742062fbe3fd0f3","adultm18y_baseline_f16p7_a23p6_p3_d60_x0_da13eb54b4","da13eb54b4d45101aa717d71982d4cfbba5d6f25ca783eea41cb0320123a6ab1","24.1.0",true,-5.9913148553193007,-5.9913148553192892,5.9913148553193007,5.9913148553192892,1.1546319456101628E-11,4,0,0,"systems/adultm18y_baseline_f16p7_a23p6_p3_d60_x0_da13eb54b4.zos","6abcf891171f755ef019410deca5e18490f7654f34fbcd5fda9ae5adf9d78541",OK,,
"eye-zemax-5742062fbe3fd0f3","adultm18y_baseline_f16p7_a23p6_p3_d70_x0_d5019c2984","d5019c29845720ce50d719e368a931e36e2fe8391121ffae48a09b7fb4b027a2","24.1.0",true,-6.5186052744809784,-6.5186052744809686,6.5186052744809784,6.5186052744809686,9.7699626167013776E-12,4,0,0,"systems/adultm18y_baseline_f16p7_a23p6_p3_d70_x0_d5019c2984.zos","4eac18d5e3f8487940ebb2d350b0399198298da9fc63e60f1b470da5ebc4f9a3",OK,,
"eye-zemax-5742062fbe3fd0f3","adultm18y_baseline_f16p7_a23p6_p3_d80_x0_dcab9c70bf","dcab9c70bfb8ace9ef343d6842d62db69c3059b2a943653a127e3f9e1e6aaccb","24.1.0",true,-7.0458956936426551,-7.0458956936426418,7.0458956936426551,7.0458956936426418,1.3322676295501878E-11,4,0,0,"systems/adultm18y_baseline_f16p7_a23p6_p3_d80_x0_dcab9c70bf.zos","4315904d223206dd67821f1740c595995793a92589abf7a9e4bab9e707cf021a",OK,,
"eye-zemax-5742062fbe3fd0f3","adultm18y_baseline_f16p7_a23p6_p3_d90_x0_f30929f7e4","f30929f7e4162efa9b6293dbac8b43c16c19aba3deefbe40e0cb80a6bdef5823","24.1.0",true,-7.573186112804331,-7.5731861128043194,7.573186112804331,7.5731861128043194,1.1546319456101628E-11,4,0,0,"systems/adultm18y_baseline_f16p7_a23p6_p3_d90_x0_f30929f7e4.zos","a60c4b9a46dec6892c4a16e7c95f4998178651a50f8e23dcb5059fc3e782031e",OK,,
"eye-zemax-5742062fbe3fd0f3","adultm18y_baseline_f16p7_a23p6_p3_d100_x0_43c8581651","43c858165167e6a747828831b760ef4a4a87c57de741de6880fd5ef1a6353a0a","24.1.0",true,-8.1004765319660077,-8.1004765319659917,8.1004765319660077,8.1004765319659917,1.5987211554602254E-11,4,0,0,"systems/adultm18y_baseline_f16p7_a23p6_p3_d100_x0_43c8581651.zos","c93694c605780a747d24b1f87e9ddb8ce59d66a83018f4c65a3a22d2ea64fd52",OK,,
"eye-zemax-5742062fbe3fd0f3","adultm18y_baseline_f16p7_a23p6_p3_d110_x0_c31390d75a","c31390d75a283c57a65dbb10c4c7708fd8b7a8d3b63b5b9d1242b3c08b2ad130","24.1.0",true,-8.6277669511276844,-8.6277669511276684,8.6277669511276844,8.6277669511276684,1.5987211554602254E-11,4,0,0,"systems/adultm18y_baseline_f16p7_a23p6_p3_d110_x0_c31390d75a.zos","f7f1f23b622cf88afd3f9cb08d1de621faaac8f9b34a2d79296ede6ba0896e43",OK,,
"eye-zemax-5742062fbe3fd0f3","adultm18y_baseline_f16p7_a23p6_p3_d120_x0_8e8b539be0","8e8b539be037980807a533cc353a4746346ad84379470287155321e4ef343c87","24.1.0",true,-9.155057370289363,-9.1550573702893434,9.155057370289363,9.1550573702893434,1.9539925233402755E-11,4,0,0,"systems/adultm18y_baseline_f16p7_a23p6_p3_d120_x0_8e8b539be0.zos","9057367196da20b1cbbbb8301f737168be5ca64be324f9dbd4e73168df89a90e",OK,,
"eye-zemax-5742062fbe3fd0f3","adultm18y_baseline_f16p7_a23p6_p4_d60_x0_942b56bee5","942b56bee51ddfedd005ccabfaaa525ca788421a9468f6faf29f89767b47070b","24.1.0",true,-6.9884198070924004,-6.9884198070923871,6.9884198070924004,6.9884198070923871,1.3322676295501878E-11,4,0,0,"systems/adultm18y_baseline_f16p7_a23p6_p4_d60_x0_942b56bee5.zos","776140317a30cba2b2b1e1a4fa04d3e5966ee84075c2a5b00847930618540b2b",OK,,
"eye-zemax-5742062fbe3fd0f3","adultm18y_baseline_f16p7_a23p6_p4_d70_x0_48c3c77c4b","48c3c77c4bf10273ae14d55c06291dca54c3edd189f1ae0b776f503e50ea93a3","24.1.0",true,-7.6914736993079691,-7.6914736993079558,7.6914736993079691,7.6914736993079558,1.3322676295501878E-11,4,0,0,"systems/adultm18y_baseline_f16p7_a23p6_p4_d70_x0_48c3c77c4b.zos","38bb80fae36b212c9ff7bb713ec9e7163e532eaaa30f93d370d5c100e1cf33c9",OK,,
"eye-zemax-5742062fbe3fd0f3","adultm18y_baseline_f16p7_a23p6_p4_d80_x0_c8cc866386","c8cc866386748679ee29e27b2f5198dc87b04d5747fe588167440fd9499de809","24.1.0",true,-8.3945275915235396,-8.3945275915235253,8.3945275915235396,8.3945275915235253,1.4210854715202004E-11,4,0,0,"systems/adultm18y_baseline_f16p7_a23p6_p4_d80_x0_c8cc866386.zos","168630b9d41fe4e36bcdc59504e6d775dae2b1922e172e72d0ad04e950c36089",OK,,
"eye-zemax-5742062fbe3fd0f3","adultm18y_baseline_f16p7_a23p6_p4_d90_x0_1514ac6799","1514ac6799c17009f2d3b393c71048811dab9e56abd04edd88570ad0aa239e49","24.1.0",true,-9.0975814837391091,-9.0975814837390949,9.0975814837391091,9.0975814837390949,1.4210854715202004E-11,4,0,0,"systems/adultm18y_baseline_f16p7_a23p6_p4_d90_x0_1514ac6799.zos","005c433be0b3f3f942bcc47636b392f073c881811f004ecd59d234d55ed2b982",OK,,
"eye-zemax-5742062fbe3fd0f3","adultm18y_baseline_f16p7_a23p6_p4_d100_x0_9f2ab2dd0a","9f2ab2dd0a8e41ab072d787b8ae04bb2f650c58a62473b4ba5fe37bbd10ee1e8","24.1.0",true,-9.8006353759546769,-9.8006353759546609,9.8006353759546769,9.8006353759546609,1.5987211554602254E-11,4,0,0,"systems/adultm18y_baseline_f16p7_a23p6_p4_d100_x0_9f2ab2dd0a.zos","493b83d8a92ea46e1f9d4b198c7541074fb7bd5b93eabbe5d2ef58bda56e5fd1",OK,,
"eye-zemax-5742062fbe3fd0f3","adultm18y_baseline_f16p7_a23p6_p4_d110_x0_197559d2e7","197559d2e7126afbac101865ac693f63217f4d8d21fc9db96e7ba1101b94653e","24.1.0",true,-10.503689268170248,-10.503689268170229,10.503689268170248,10.503689268170229,1.9539925233402755E-11,4,0,0,"systems/adultm18y_baseline_f16p7_a23p6_p4_d110_x0_197559d2e7.zos","cd0887c9b688d3e9d180a521115ecf2423ea788d1c8eff7aed25826a6277bb29",OK,,
"eye-zemax-5742062fbe3fd0f3","adultm18y_baseline_f16p7_a23p6_p4_d120_x0_49a6f6fe34","49a6f6fe348b0124632094e8237704a2d69308f9de6f60fac02846b379cc017a","24.1.0",true,-11.206743160385816,-11.206743160385795,11.206743160385816,11.206743160385795,2.1316282072803006E-11,4,0,0,"systems/adultm18y_baseline_f16p7_a23p6_p4_d120_x0_49a6f6fe34.zos","fcceaee5bc24ec61b30d90fe4393fd3e717201ba82290746a09f9a34b30a0bdb",OK,,
"eye-zemax-5742062fbe3fd0f3","adultm18y_baseline_f16p7_a23p6_p5_d60_x0_8c0e05b52b","8c0e05b52bf30a7b68e785fe5263b6bf6a8f2e4475ce20a2430147cd93e74e9f","24.1.0",true,-7.9855247588655036,-7.9855247588654894,7.9855247588655036,7.9855247588654894,1.4210854715202004E-11,4,0,0,"systems/adultm18y_baseline_f16p7_a23p6_p5_d60_x0_8c0e05b52b.zos","ea143a033f8a2b0c90a5c9af323f4485e185571220deb65c3a063437413ef296",OK,,
"eye-zemax-5742062fbe3fd0f3","adultm18y_baseline_f16p7_a23p6_p5_d70_x0_ac449a0f4f","ac449a0f4ffaa813338648477bbe50a1dc64f39ae0a128fecce86a142d546ac1","24.1.0",true,-8.8643421241349643,-8.8643421241349518,8.8643421241349643,8.8643421241349518,1.2434497875801753E-11,4,0,0,"systems/adultm18y_baseline_f16p7_a23p6_p5_d70_x0_ac449a0f4f.zos","32fb10e8a4c7e8ef35acccd20a4b6c84af8a74a41328b1b023dd9c0dd23f05a1",OK,,
"eye-zemax-5742062fbe3fd0f3","adultm18y_baseline_f16p7_a23p6_p5_d80_x0_4930899c90","4930899c901c2cb668bb2b1564bcc2469fd8626f32e9dade6b9063859d04b04d","24.1.0",true,-9.7431594894044249,-9.7431594894044107,9.7431594894044249,9.7431594894044107,1.4210854715202004E-11,4,0,0,"systems/adultm18y_baseline_f16p7_a23p6_p5_d80_x0_4930899c90.zos","fb2e4d2faf4d567e0622f75c8e79a5082fecbc4c8b9cf5ce8229551c94f39fad",OK,,
"eye-zemax-5742062fbe3fd0f3","adultm18y_baseline_f16p7_a23p6_p5_d90_x0_e34e1a5d48","e34e1a5d487083edbb784eac9de7a31cc7354c77ede311a80afc70f2d60284f2","24.1.0",true,-10.621976854673886,-10.621976854673864,10.621976854673886,10.621976854673864,2.1316282072803006E-11,4,0,0,"systems/adultm18y_baseline_f16p7_a23p6_p5_d90_x0_e34e1a5d48.zos","18d7f31f493b66689b773d0aa955d1dbb73346ea5f62bab3abc949d7c5ba40f2",OK,,
"eye-zemax-5742062fbe3fd0f3","adultm18y_baseline_f16p7_a23p6_p5_d100_x0_f000f4bc5e","f000f4bc5e71c2fc97dbdc058b13a37bd397dfe0f0a17c685edab089efa8181e","24.1.0",true,-11.500794219943348,-11.500794219943328,11.500794219943348,11.500794219943328,1.9539925233402755E-11,4,0,0,"systems/adultm18y_baseline_f16p7_a23p6_p5_d100_x0_f000f4bc5e.zos","271c702a46b683b1ae22923f2003adfbf710df6bd41816cb05265c8b730eee0b",OK,,
"eye-zemax-5742062fbe3fd0f3","adultm18y_baseline_f16p7_a23p6_p5_d110_x0_619af92e49","619af92e496faf45edd9bcf4b086b91a71e6b5f220a860f8a9a9ed6a330a8aa9","24.1.0",true,-12.379611585212809,-12.379611585212785,12.379611585212809,12.379611585212785,2.3092638912203256E-11,4,0,0,"systems/adultm18y_baseline_f16p7_a23p6_p5_d110_x0_619af92e49.zos","cbe116f396fd00aec561aeb21bc3615d4debf43d72881cff82f9412a58b8c8b9",OK,,
"eye-zemax-5742062fbe3fd0f3","adultm18y_baseline_f16p7_a23p6_p5_d120_x0_6ab7cf53e2","6ab7cf53e208c4a868d18e3aeafead4b937146800bb6fa9962d8f7a6632ea31c","24.1.0",true,-13.258428950482273,-13.258428950482248,13.258428950482273,13.258428950482248,2.4868995751603507E-11,4,0,0,"systems/adultm18y_baseline_f16p7_a23p6_p5_d120_x0_6ab7cf53e2.zos","bd75e0b2f9e0e94382f1fb4ebacb4e39c917756c463290ed16b4c5c898085e40",OK,,
